{"id": "s2_prosail", "name": "PROSAIL for Sentinel-2", "model_data_type": "Sentinel-2", "inference_engine_type": "", "required_priors": "", "description": "Coupling of PROSPECT leaf optical properties model and SAIL canopy bidirectional reflectance model. It links the spectral variation of canopy reflectance, which is mainly related to leaf biochemical contents, with its directional variation, which is primarily related to canopy architecture and soil/vegetation contrast.", "model_authors": "", "model_url": "http://teledetection.ipgp.jussieu.fr/prosail/", "input_type": "AWS_S2_L2", "input_bands": ["B02", "B03", "B04", "B05", "B06", "B07", "B08", "B8A", "B09", "B12"], "input_band_indices": [2, 3, 4, 5, 6, 7, 8, 9, 12, 13],  "variables": ["n", "cab", "car", "cb", "cw", "cdm", "lai", "ala", "bsoil", "psoil"], "transformed_parameters": ["n", "exp(-cab/100)", "exp(-car/100)", "cbrown", "exp(-50*cw)", "exp(-50*cm)", "exp(-lai/2)", "ala/90.", "bsoil", "psoil"], "emulators": [{"sza": 0, "vza": 0, "raa": 0, "url": "http://www2.geog.ucl.ac.uk/~ucfajlg/emulators/spectral/prosail/prosail_000_000_0000.npz"}, {"sza": 0, "vza": 0, "raa": 60, "url": "http://www2.geog.ucl.ac.uk/~ucfajlg/emulators/spectral/prosail/prosail_000_000_0060.npz"}, {"sza": 0, "vza": 0, "raa": 120, "url": "http://www2.geog.ucl.ac.uk/~ucfajlg/emulators/spectral/prosail/prosail_000_000_0120.npz"}, {"sza": 0, "vza": 0, "raa": 180, "url": "http://www2.geog.ucl.ac.uk/~ucfajlg/emulators/spectral/prosail/prosail_000_000_0180.npz"}, {"sza": 0, "vza": 5, "raa": 0, "url": "http://www2.geog.ucl.ac.uk/~ucfajlg/emulators/spectral/prosail/prosail_000_005_0000.npz"}, {"sza": 0, "vza": 5, "raa": 60, "url": "http://www2.geog.ucl.ac.uk/~ucfajlg/emulators/spectral/prosail/prosail_000_005_0060.npz"}, {"sza": 0, "vza": 5, "raa": 120, "url": "http://www2.geog.ucl.ac.uk/~ucfajlg/emulators/spectral/prosail/prosail_000_005_0120.npz"}, {"sza": 0, "vza": 5, "raa": 180, "url": "http://www2.geog.ucl.ac.uk/~ucfajlg/emulators/spectral/prosail/prosail_000_005_0180.npz"}, {"sza": 0, "vza": 10, "raa": 0, "url": "http://www2.geog.ucl.ac.uk/~ucfajlg/emulators/spectral/prosail/prosail_000_010_0000.npz"}, {"sza": 0, "vza": 10, "raa": 60, "url": "http://www2.geog.ucl.ac.uk/~ucfajlg/emulators/spectral/prosail/prosail_000_010_0060.npz"}, {"sza": 0, "vza": 10, "raa": 120, "url": "http://www2.geog.ucl.ac.uk/~ucfajlg/emulators/spectral/prosail/prosail_000_010_0120.npz"}, {"sza": 0, "vza": 10, "raa": 180, "url": "http://www2.geog.ucl.ac.uk/~ucfajlg/emulators/spectral/prosail/prosail_000_010_0180.npz"}, {"sza": 0, "vza": 15, "raa": 0, "url": "http://www2.geog.ucl.ac.uk/~ucfajlg/emulators/spectral/prosail/prosail_000_015_0000.npz"}, {"sza": 0, "vza": 15, "raa": 60, "url": "http://www2.geog.ucl.ac.uk/~ucfajlg/emulators/spectral/prosail/prosail_000_015_0060.npz"}, {"sza": 0, "vza": 15, "raa": 120, "url": "http://www2.geog.ucl.ac.uk/~ucfajlg/emulators/spectral/prosail/prosail_000_015_0120.npz"}, {"sza": 0, "vza": 15, "raa": 180, "url": "http://www2.geog.ucl.ac.uk/~ucfajlg/emulators/spectral/prosail/prosail_000_015_0180.npz"}, {"sza": 0, "vza": 20, "raa": 0, "url": "http://www2.geog.ucl.ac.uk/~ucfajlg/emulators/spectral/prosail/prosail_000_020_0000.npz"}, {"sza": 0, "vza": 20, "raa": 60, "url": "http://www2.geog.ucl.ac.uk/~ucfajlg/emulators/spectral/prosail/prosail_000_020_0060.npz"}, {"sza": 0, "vza": 20, "raa": 120, "url": "http://www2.geog.ucl.ac.uk/~ucfajlg/emulators/spectral/prosail/prosail_000_020_0120.npz"}, {"sza": 0, "vza": 20, "raa": 180, "url": "http://www2.geog.ucl.ac.uk/~ucfajlg/emulators/spectral/prosail/prosail_000_020_0180.npz"}, {"sza": 0, "vza": 25, "raa": 0, "url": "http://www2.geog.ucl.ac.uk/~ucfajlg/emulators/spectral/prosail/prosail_000_025_0000.npz"}, {"sza": 0, "vza": 25, "raa": 60, "url": "http://www2.geog.ucl.ac.uk/~ucfajlg/emulators/spectral/prosail/prosail_000_025_0060.npz"}, {"sza": 0, "vza": 25, "raa": 120, "url": "http://www2.geog.ucl.ac.uk/~ucfajlg/emulators/spectral/prosail/prosail_000_025_0120.npz"}, {"sza": 0, "vza": 25, "raa": 180, "url": "http://www2.geog.ucl.ac.uk/~ucfajlg/emulators/spectral/prosail/prosail_000_025_0180.npz"}, {"sza": 0, "vza": 30, "raa": 0, "url": "http://www2.geog.ucl.ac.uk/~ucfajlg/emulators/spectral/prosail/prosail_000_030_0000.npz"}, {"sza": 0, "vza": 30, "raa": 60, "url": "http://www2.geog.ucl.ac.uk/~ucfajlg/emulators/spectral/prosail/prosail_000_030_0060.npz"}, {"sza": 0, "vza": 30, "raa": 120, "url": "http://www2.geog.ucl.ac.uk/~ucfajlg/emulators/spectral/prosail/prosail_000_030_0120.npz"}, {"sza": 0, "vza": 30, "raa": 180, "url": "http://www2.geog.ucl.ac.uk/~ucfajlg/emulators/spectral/prosail/prosail_000_030_0180.npz"}, {"sza": 0, "vza": 35, "raa": 0, "url": "http://www2.geog.ucl.ac.uk/~ucfajlg/emulators/spectral/prosail/prosail_000_035_0000.npz"}, {"sza": 0, "vza": 35, "raa": 60, "url": "http://www2.geog.ucl.ac.uk/~ucfajlg/emulators/spectral/prosail/prosail_000_035_0060.npz"}, {"sza": 0, "vza": 35, "raa": 120, "url": "http://www2.geog.ucl.ac.uk/~ucfajlg/emulators/spectral/prosail/prosail_000_035_0120.npz"}, {"sza": 0, "vza": 35, "raa": 180, "url": "http://www2.geog.ucl.ac.uk/~ucfajlg/emulators/spectral/prosail/prosail_000_035_0180.npz"}, {"sza": 0, "vza": 40, "raa": 0, "url": "http://www2.geog.ucl.ac.uk/~ucfajlg/emulators/spectral/prosail/prosail_000_040_0000.npz"}, {"sza": 0, "vza": 40, "raa": 60, "url": "http://www2.geog.ucl.ac.uk/~ucfajlg/emulators/spectral/prosail/prosail_000_040_0060.npz"}, {"sza": 0, "vza": 40, "raa": 120, "url": "http://www2.geog.ucl.ac.uk/~ucfajlg/emulators/spectral/prosail/prosail_000_040_0120.npz"}, {"sza": 0, "vza": 40, "raa": 180, "url": "http://www2.geog.ucl.ac.uk/~ucfajlg/emulators/spectral/prosail/prosail_000_040_0180.npz"}, {"sza": 0, "vza": 45, "raa": 0, "url": "http://www2.geog.ucl.ac.uk/~ucfajlg/emulators/spectral/prosail/prosail_000_045_0000.npz"}, {"sza": 0, "vza": 45, "raa": 60, "url": "http://www2.geog.ucl.ac.uk/~ucfajlg/emulators/spectral/prosail/prosail_000_045_0060.npz"}, {"sza": 0, "vza": 45, "raa": 120, "url": "http://www2.geog.ucl.ac.uk/~ucfajlg/emulators/spectral/prosail/prosail_000_045_0120.npz"}, {"sza": 0, "vza": 45, "raa": 180, "url": "http://www2.geog.ucl.ac.uk/~ucfajlg/emulators/spectral/prosail/prosail_000_045_0180.npz"}, {"sza": 0, "vza": 50, "raa": 0, "url": "http://www2.geog.ucl.ac.uk/~ucfajlg/emulators/spectral/prosail/prosail_000_050_0000.npz"}, {"sza": 0, "vza": 50, "raa": 60, "url": "http://www2.geog.ucl.ac.uk/~ucfajlg/emulators/spectral/prosail/prosail_000_050_0060.npz"}, {"sza": 0, "vza": 50, "raa": 120, "url": "http://www2.geog.ucl.ac.uk/~ucfajlg/emulators/spectral/prosail/prosail_000_050_0120.npz"}, {"sza": 0, "vza": 50, "raa": 180, "url": "http://www2.geog.ucl.ac.uk/~ucfajlg/emulators/spectral/prosail/prosail_000_050_0180.npz"}, {"sza": 0, "vza": 55, "raa": 0, "url": "http://www2.geog.ucl.ac.uk/~ucfajlg/emulators/spectral/prosail/prosail_000_055_0000.npz"}, {"sza": 0, "vza": 55, "raa": 60, "url": "http://www2.geog.ucl.ac.uk/~ucfajlg/emulators/spectral/prosail/prosail_000_055_0060.npz"}, {"sza": 0, "vza": 55, "raa": 120, "url": "http://www2.geog.ucl.ac.uk/~ucfajlg/emulators/spectral/prosail/prosail_000_055_0120.npz"}, {"sza": 0, "vza": 55, "raa": 180, "url": "http://www2.geog.ucl.ac.uk/~ucfajlg/emulators/spectral/prosail/prosail_000_055_0180.npz"}, {"sza": 0, "vza": 60, "raa": 0, "url": "http://www2.geog.ucl.ac.uk/~ucfajlg/emulators/spectral/prosail/prosail_000_060_0000.npz"}, {"sza": 0, "vza": 60, "raa": 60, "url": "http://www2.geog.ucl.ac.uk/~ucfajlg/emulators/spectral/prosail/prosail_000_060_0060.npz"}, {"sza": 0, "vza": 60, "raa": 120, "url": "http://www2.geog.ucl.ac.uk/~ucfajlg/emulators/spectral/prosail/prosail_000_060_0120.npz"}, {"sza": 0, "vza": 60, "raa": 180, "url": "http://www2.geog.ucl.ac.uk/~ucfajlg/emulators/spectral/prosail/prosail_000_060_0180.npz"}, {"sza": 5, "vza": 0, "raa": 0, "url": "http://www2.geog.ucl.ac.uk/~ucfajlg/emulators/spectral/prosail/prosail_005_000_0000.npz"}, {"sza": 5, "vza": 0, "raa": 60, "url": "http://www2.geog.ucl.ac.uk/~ucfajlg/emulators/spectral/prosail/prosail_005_000_0060.npz"}, {"sza": 5, "vza": 0, "raa": 120, "url": "http://www2.geog.ucl.ac.uk/~ucfajlg/emulators/spectral/prosail/prosail_005_000_0120.npz"}, {"sza": 5, "vza": 0, "raa": 180, "url": "http://www2.geog.ucl.ac.uk/~ucfajlg/emulators/spectral/prosail/prosail_005_000_0180.npz"}, {"sza": 5, "vza": 5, "raa": 0, "url": "http://www2.geog.ucl.ac.uk/~ucfajlg/emulators/spectral/prosail/prosail_005_005_0000.npz"}, {"sza": 5, "vza": 5, "raa": 60, "url": "http://www2.geog.ucl.ac.uk/~ucfajlg/emulators/spectral/prosail/prosail_005_005_0060.npz"}, {"sza": 5, "vza": 5, "raa": 120, "url": "http://www2.geog.ucl.ac.uk/~ucfajlg/emulators/spectral/prosail/prosail_005_005_0120.npz"}, {"sza": 5, "vza": 5, "raa": 180, "url": "http://www2.geog.ucl.ac.uk/~ucfajlg/emulators/spectral/prosail/prosail_005_005_0180.npz"}, {"sza": 5, "vza": 10, "raa": 0, "url": "http://www2.geog.ucl.ac.uk/~ucfajlg/emulators/spectral/prosail/prosail_005_010_0000.npz"}, {"sza": 5, "vza": 10, "raa": 60, "url": "http://www2.geog.ucl.ac.uk/~ucfajlg/emulators/spectral/prosail/prosail_005_010_0060.npz"}, {"sza": 5, "vza": 10, "raa": 120, "url": "http://www2.geog.ucl.ac.uk/~ucfajlg/emulators/spectral/prosail/prosail_005_010_0120.npz"}, {"sza": 5, "vza": 10, "raa": 180, "url": "http://www2.geog.ucl.ac.uk/~ucfajlg/emulators/spectral/prosail/prosail_005_010_0180.npz"}, {"sza": 5, "vza": 15, "raa": 0, "url": "http://www2.geog.ucl.ac.uk/~ucfajlg/emulators/spectral/prosail/prosail_005_015_0000.npz"}, {"sza": 5, "vza": 15, "raa": 60, "url": "http://www2.geog.ucl.ac.uk/~ucfajlg/emulators/spectral/prosail/prosail_005_015_0060.npz"}, {"sza": 5, "vza": 15, "raa": 120, "url": "http://www2.geog.ucl.ac.uk/~ucfajlg/emulators/spectral/prosail/prosail_005_015_0120.npz"}, {"sza": 5, "vza": 15, "raa": 180, "url": "http://www2.geog.ucl.ac.uk/~ucfajlg/emulators/spectral/prosail/prosail_005_015_0180.npz"}, {"sza": 5, "vza": 20, "raa": 0, "url": "http://www2.geog.ucl.ac.uk/~ucfajlg/emulators/spectral/prosail/prosail_005_020_0000.npz"}, {"sza": 5, "vza": 20, "raa": 60, "url": "http://www2.geog.ucl.ac.uk/~ucfajlg/emulators/spectral/prosail/prosail_005_020_0060.npz"}, {"sza": 5, "vza": 20, "raa": 120, "url": "http://www2.geog.ucl.ac.uk/~ucfajlg/emulators/spectral/prosail/prosail_005_020_0120.npz"}, {"sza": 5, "vza": 20, "raa": 180, "url": "http://www2.geog.ucl.ac.uk/~ucfajlg/emulators/spectral/prosail/prosail_005_020_0180.npz"}, {"sza": 5, "vza": 25, "raa": 0, "url": "http://www2.geog.ucl.ac.uk/~ucfajlg/emulators/spectral/prosail/prosail_005_025_0000.npz"}, {"sza": 5, "vza": 25, "raa": 60, "url": "http://www2.geog.ucl.ac.uk/~ucfajlg/emulators/spectral/prosail/prosail_005_025_0060.npz"}, {"sza": 5, "vza": 25, "raa": 120, "url": "http://www2.geog.ucl.ac.uk/~ucfajlg/emulators/spectral/prosail/prosail_005_025_0120.npz"}, {"sza": 5, "vza": 25, "raa": 180, "url": "http://www2.geog.ucl.ac.uk/~ucfajlg/emulators/spectral/prosail/prosail_005_025_0180.npz"}, {"sza": 5, "vza": 30, "raa": 0, "url": "http://www2.geog.ucl.ac.uk/~ucfajlg/emulators/spectral/prosail/prosail_005_030_0000.npz"}, {"sza": 5, "vza": 30, "raa": 60, "url": "http://www2.geog.ucl.ac.uk/~ucfajlg/emulators/spectral/prosail/prosail_005_030_0060.npz"}, {"sza": 5, "vza": 30, "raa": 120, "url": "http://www2.geog.ucl.ac.uk/~ucfajlg/emulators/spectral/prosail/prosail_005_030_0120.npz"}, {"sza": 5, "vza": 30, "raa": 180, "url": "http://www2.geog.ucl.ac.uk/~ucfajlg/emulators/spectral/prosail/prosail_005_030_0180.npz"}, {"sza": 5, "vza": 35, "raa": 0, "url": "http://www2.geog.ucl.ac.uk/~ucfajlg/emulators/spectral/prosail/prosail_005_035_0000.npz"}, {"sza": 5, "vza": 35, "raa": 60, "url": "http://www2.geog.ucl.ac.uk/~ucfajlg/emulators/spectral/prosail/prosail_005_035_0060.npz"}, {"sza": 5, "vza": 35, "raa": 120, "url": "http://www2.geog.ucl.ac.uk/~ucfajlg/emulators/spectral/prosail/prosail_005_035_0120.npz"}, {"sza": 5, "vza": 35, "raa": 180, "url": "http://www2.geog.ucl.ac.uk/~ucfajlg/emulators/spectral/prosail/prosail_005_035_0180.npz"}, {"sza": 5, "vza": 40, "raa": 0, "url": "http://www2.geog.ucl.ac.uk/~ucfajlg/emulators/spectral/prosail/prosail_005_040_0000.npz"}, {"sza": 5, "vza": 40, "raa": 60, "url": "http://www2.geog.ucl.ac.uk/~ucfajlg/emulators/spectral/prosail/prosail_005_040_0060.npz"}, {"sza": 5, "vza": 40, "raa": 120, "url": "http://www2.geog.ucl.ac.uk/~ucfajlg/emulators/spectral/prosail/prosail_005_040_0120.npz"}, {"sza": 5, "vza": 40, "raa": 180, "url": "http://www2.geog.ucl.ac.uk/~ucfajlg/emulators/spectral/prosail/prosail_005_040_0180.npz"}, {"sza": 5, "vza": 45, "raa": 0, "url": "http://www2.geog.ucl.ac.uk/~ucfajlg/emulators/spectral/prosail/prosail_005_045_0000.npz"}, {"sza": 5, "vza": 45, "raa": 60, "url": "http://www2.geog.ucl.ac.uk/~ucfajlg/emulators/spectral/prosail/prosail_005_045_0060.npz"}, {"sza": 5, "vza": 45, "raa": 120, "url": "http://www2.geog.ucl.ac.uk/~ucfajlg/emulators/spectral/prosail/prosail_005_045_0120.npz"}, {"sza": 5, "vza": 45, "raa": 180, "url": "http://www2.geog.ucl.ac.uk/~ucfajlg/emulators/spectral/prosail/prosail_005_045_0180.npz"}, {"sza": 5, "vza": 50, "raa": 0, "url": "http://www2.geog.ucl.ac.uk/~ucfajlg/emulators/spectral/prosail/prosail_005_050_0000.npz"}, {"sza": 5, "vza": 50, "raa": 60, "url": "http://www2.geog.ucl.ac.uk/~ucfajlg/emulators/spectral/prosail/prosail_005_050_0060.npz"}, {"sza": 5, "vza": 50, "raa": 120, "url": "http://www2.geog.ucl.ac.uk/~ucfajlg/emulators/spectral/prosail/prosail_005_050_0120.npz"}, {"sza": 5, "vza": 50, "raa": 180, "url": "http://www2.geog.ucl.ac.uk/~ucfajlg/emulators/spectral/prosail/prosail_005_050_0180.npz"}, {"sza": 5, "vza": 55, "raa": 0, "url": "http://www2.geog.ucl.ac.uk/~ucfajlg/emulators/spectral/prosail/prosail_005_055_0000.npz"}, {"sza": 5, "vza": 55, "raa": 60, "url": "http://www2.geog.ucl.ac.uk/~ucfajlg/emulators/spectral/prosail/prosail_005_055_0060.npz"}, {"sza": 5, "vza": 55, "raa": 120, "url": "http://www2.geog.ucl.ac.uk/~ucfajlg/emulators/spectral/prosail/prosail_005_055_0120.npz"}, {"sza": 5, "vza": 55, "raa": 180, "url": "http://www2.geog.ucl.ac.uk/~ucfajlg/emulators/spectral/prosail/prosail_005_055_0180.npz"}, {"sza": 5, "vza": 60, "raa": 0, "url": "http://www2.geog.ucl.ac.uk/~ucfajlg/emulators/spectral/prosail/prosail_005_060_0000.npz"}, {"sza": 5, "vza": 60, "raa": 60, "url": "http://www2.geog.ucl.ac.uk/~ucfajlg/emulators/spectral/prosail/prosail_005_060_0060.npz"}, {"sza": 5, "vza": 60, "raa": 120, "url": "http://www2.geog.ucl.ac.uk/~ucfajlg/emulators/spectral/prosail/prosail_005_060_0120.npz"}, {"sza": 5, "vza": 60, "raa": 180, "url": "http://www2.geog.ucl.ac.uk/~ucfajlg/emulators/spectral/prosail/prosail_005_060_0180.npz"}, {"sza": 10, "vza": 0, "raa": 0, "url": "http://www2.geog.ucl.ac.uk/~ucfajlg/emulators/spectral/prosail/prosail_010_000_0000.npz"}, {"sza": 10, "vza": 0, "raa": 60, "url": "http://www2.geog.ucl.ac.uk/~ucfajlg/emulators/spectral/prosail/prosail_010_000_0060.npz"}, {"sza": 10, "vza": 0, "raa": 120, "url": "http://www2.geog.ucl.ac.uk/~ucfajlg/emulators/spectral/prosail/prosail_010_000_0120.npz"}, {"sza": 10, "vza": 0, "raa": 180, "url": "http://www2.geog.ucl.ac.uk/~ucfajlg/emulators/spectral/prosail/prosail_010_000_0180.npz"}, {"sza": 10, "vza": 5, "raa": 0, "url": "http://www2.geog.ucl.ac.uk/~ucfajlg/emulators/spectral/prosail/prosail_010_005_0000.npz"}, {"sza": 10, "vza": 5, "raa": 60, "url": "http://www2.geog.ucl.ac.uk/~ucfajlg/emulators/spectral/prosail/prosail_010_005_0060.npz"}, {"sza": 10, "vza": 5, "raa": 120, "url": "http://www2.geog.ucl.ac.uk/~ucfajlg/emulators/spectral/prosail/prosail_010_005_0120.npz"}, {"sza": 10, "vza": 5, "raa": 180, "url": "http://www2.geog.ucl.ac.uk/~ucfajlg/emulators/spectral/prosail/prosail_010_005_0180.npz"}, {"sza": 10, "vza": 10, "raa": 0, "url": "http://www2.geog.ucl.ac.uk/~ucfajlg/emulators/spectral/prosail/prosail_010_010_0000.npz"}, {"sza": 10, "vza": 10, "raa": 60, "url": "http://www2.geog.ucl.ac.uk/~ucfajlg/emulators/spectral/prosail/prosail_010_010_0060.npz"}, {"sza": 10, "vza": 10, "raa": 120, "url": "http://www2.geog.ucl.ac.uk/~ucfajlg/emulators/spectral/prosail/prosail_010_010_0120.npz"}, {"sza": 10, "vza": 10, "raa": 180, "url": "http://www2.geog.ucl.ac.uk/~ucfajlg/emulators/spectral/prosail/prosail_010_010_0180.npz"}, {"sza": 10, "vza": 15, "raa": 0, "url": "http://www2.geog.ucl.ac.uk/~ucfajlg/emulators/spectral/prosail/prosail_010_015_0000.npz"}, {"sza": 10, "vza": 15, "raa": 60, "url": "http://www2.geog.ucl.ac.uk/~ucfajlg/emulators/spectral/prosail/prosail_010_015_0060.npz"}, {"sza": 10, "vza": 15, "raa": 120, "url": "http://www2.geog.ucl.ac.uk/~ucfajlg/emulators/spectral/prosail/prosail_010_015_0120.npz"}, {"sza": 10, "vza": 15, "raa": 180, "url": "http://www2.geog.ucl.ac.uk/~ucfajlg/emulators/spectral/prosail/prosail_010_015_0180.npz"}, {"sza": 10, "vza": 20, "raa": 0, "url": "http://www2.geog.ucl.ac.uk/~ucfajlg/emulators/spectral/prosail/prosail_010_020_0000.npz"}, {"sza": 10, "vza": 20, "raa": 60, "url": "http://www2.geog.ucl.ac.uk/~ucfajlg/emulators/spectral/prosail/prosail_010_020_0060.npz"}, {"sza": 10, "vza": 20, "raa": 120, "url": "http://www2.geog.ucl.ac.uk/~ucfajlg/emulators/spectral/prosail/prosail_010_020_0120.npz"}, {"sza": 10, "vza": 20, "raa": 180, "url": "http://www2.geog.ucl.ac.uk/~ucfajlg/emulators/spectral/prosail/prosail_010_020_0180.npz"}, {"sza": 10, "vza": 25, "raa": 0, "url": "http://www2.geog.ucl.ac.uk/~ucfajlg/emulators/spectral/prosail/prosail_010_025_0000.npz"}, {"sza": 10, "vza": 25, "raa": 60, "url": "http://www2.geog.ucl.ac.uk/~ucfajlg/emulators/spectral/prosail/prosail_010_025_0060.npz"}, {"sza": 10, "vza": 25, "raa": 120, "url": "http://www2.geog.ucl.ac.uk/~ucfajlg/emulators/spectral/prosail/prosail_010_025_0120.npz"}, {"sza": 10, "vza": 25, "raa": 180, "url": "http://www2.geog.ucl.ac.uk/~ucfajlg/emulators/spectral/prosail/prosail_010_025_0180.npz"}, {"sza": 10, "vza": 30, "raa": 0, "url": "http://www2.geog.ucl.ac.uk/~ucfajlg/emulators/spectral/prosail/prosail_010_030_0000.npz"}, {"sza": 10, "vza": 30, "raa": 60, "url": "http://www2.geog.ucl.ac.uk/~ucfajlg/emulators/spectral/prosail/prosail_010_030_0060.npz"}, {"sza": 10, "vza": 30, "raa": 120, "url": "http://www2.geog.ucl.ac.uk/~ucfajlg/emulators/spectral/prosail/prosail_010_030_0120.npz"}, {"sza": 10, "vza": 30, "raa": 180, "url": "http://www2.geog.ucl.ac.uk/~ucfajlg/emulators/spectral/prosail/prosail_010_030_0180.npz"}, {"sza": 10, "vza": 35, "raa": 0, "url": "http://www2.geog.ucl.ac.uk/~ucfajlg/emulators/spectral/prosail/prosail_010_035_0000.npz"}, {"sza": 10, "vza": 35, "raa": 60, "url": "http://www2.geog.ucl.ac.uk/~ucfajlg/emulators/spectral/prosail/prosail_010_035_0060.npz"}, {"sza": 10, "vza": 35, "raa": 120, "url": "http://www2.geog.ucl.ac.uk/~ucfajlg/emulators/spectral/prosail/prosail_010_035_0120.npz"}, {"sza": 10, "vza": 35, "raa": 180, "url": "http://www2.geog.ucl.ac.uk/~ucfajlg/emulators/spectral/prosail/prosail_010_035_0180.npz"}, {"sza": 10, "vza": 40, "raa": 0, "url": "http://www2.geog.ucl.ac.uk/~ucfajlg/emulators/spectral/prosail/prosail_010_040_0000.npz"}, {"sza": 10, "vza": 40, "raa": 60, "url": "http://www2.geog.ucl.ac.uk/~ucfajlg/emulators/spectral/prosail/prosail_010_040_0060.npz"}, {"sza": 10, "vza": 40, "raa": 120, "url": "http://www2.geog.ucl.ac.uk/~ucfajlg/emulators/spectral/prosail/prosail_010_040_0120.npz"}, {"sza": 10, "vza": 40, "raa": 180, "url": "http://www2.geog.ucl.ac.uk/~ucfajlg/emulators/spectral/prosail/prosail_010_040_0180.npz"}, {"sza": 10, "vza": 45, "raa": 0, "url": "http://www2.geog.ucl.ac.uk/~ucfajlg/emulators/spectral/prosail/prosail_010_045_0000.npz"}, {"sza": 10, "vza": 45, "raa": 60, "url": "http://www2.geog.ucl.ac.uk/~ucfajlg/emulators/spectral/prosail/prosail_010_045_0060.npz"}, {"sza": 10, "vza": 45, "raa": 120, "url": "http://www2.geog.ucl.ac.uk/~ucfajlg/emulators/spectral/prosail/prosail_010_045_0120.npz"}, {"sza": 10, "vza": 45, "raa": 180, "url": "http://www2.geog.ucl.ac.uk/~ucfajlg/emulators/spectral/prosail/prosail_010_045_0180.npz"}, {"sza": 10, "vza": 50, "raa": 0, "url": "http://www2.geog.ucl.ac.uk/~ucfajlg/emulators/spectral/prosail/prosail_010_050_0000.npz"}, {"sza": 10, "vza": 50, "raa": 60, "url": "http://www2.geog.ucl.ac.uk/~ucfajlg/emulators/spectral/prosail/prosail_010_050_0060.npz"}, {"sza": 10, "vza": 50, "raa": 120, "url": "http://www2.geog.ucl.ac.uk/~ucfajlg/emulators/spectral/prosail/prosail_010_050_0120.npz"}, {"sza": 10, "vza": 50, "raa": 180, "url": "http://www2.geog.ucl.ac.uk/~ucfajlg/emulators/spectral/prosail/prosail_010_050_0180.npz"}, {"sza": 10, "vza": 55, "raa": 0, "url": "http://www2.geog.ucl.ac.uk/~ucfajlg/emulators/spectral/prosail/prosail_010_055_0000.npz"}, {"sza": 10, "vza": 55, "raa": 60, "url": "http://www2.geog.ucl.ac.uk/~ucfajlg/emulators/spectral/prosail/prosail_010_055_0060.npz"}, {"sza": 10, "vza": 55, "raa": 120, "url": "http://www2.geog.ucl.ac.uk/~ucfajlg/emulators/spectral/prosail/prosail_010_055_0120.npz"}, {"sza": 10, "vza": 55, "raa": 180, "url": "http://www2.geog.ucl.ac.uk/~ucfajlg/emulators/spectral/prosail/prosail_010_055_0180.npz"}, {"sza": 10, "vza": 60, "raa": 0, "url": "http://www2.geog.ucl.ac.uk/~ucfajlg/emulators/spectral/prosail/prosail_010_060_0000.npz"}, {"sza": 10, "vza": 60, "raa": 60, "url": "http://www2.geog.ucl.ac.uk/~ucfajlg/emulators/spectral/prosail/prosail_010_060_0060.npz"}, {"sza": 10, "vza": 60, "raa": 120, "url": "http://www2.geog.ucl.ac.uk/~ucfajlg/emulators/spectral/prosail/prosail_010_060_0120.npz"}, {"sza": 10, "vza": 60, "raa": 180, "url": "http://www2.geog.ucl.ac.uk/~ucfajlg/emulators/spectral/prosail/prosail_010_060_0180.npz"}, {"sza": 15, "vza": 0, "raa": 0, "url": "http://www2.geog.ucl.ac.uk/~ucfajlg/emulators/spectral/prosail/prosail_015_000_0000.npz"}, {"sza": 15, "vza": 0, "raa": 60, "url": "http://www2.geog.ucl.ac.uk/~ucfajlg/emulators/spectral/prosail/prosail_015_000_0060.npz"}, {"sza": 15, "vza": 0, "raa": 120, "url": "http://www2.geog.ucl.ac.uk/~ucfajlg/emulators/spectral/prosail/prosail_015_000_0120.npz"}, {"sza": 15, "vza": 0, "raa": 180, "url": "http://www2.geog.ucl.ac.uk/~ucfajlg/emulators/spectral/prosail/prosail_015_000_0180.npz"}, {"sza": 15, "vza": 5, "raa": 0, "url": "http://www2.geog.ucl.ac.uk/~ucfajlg/emulators/spectral/prosail/prosail_015_005_0000.npz"}, {"sza": 15, "vza": 5, "raa": 60, "url": "http://www2.geog.ucl.ac.uk/~ucfajlg/emulators/spectral/prosail/prosail_015_005_0060.npz"}, {"sza": 15, "vza": 5, "raa": 120, "url": "http://www2.geog.ucl.ac.uk/~ucfajlg/emulators/spectral/prosail/prosail_015_005_0120.npz"}, {"sza": 15, "vza": 5, "raa": 180, "url": "http://www2.geog.ucl.ac.uk/~ucfajlg/emulators/spectral/prosail/prosail_015_005_0180.npz"}, {"sza": 15, "vza": 10, "raa": 0, "url": "http://www2.geog.ucl.ac.uk/~ucfajlg/emulators/spectral/prosail/prosail_015_010_0000.npz"}, {"sza": 15, "vza": 10, "raa": 60, "url": "http://www2.geog.ucl.ac.uk/~ucfajlg/emulators/spectral/prosail/prosail_015_010_0060.npz"}, {"sza": 15, "vza": 10, "raa": 120, "url": "http://www2.geog.ucl.ac.uk/~ucfajlg/emulators/spectral/prosail/prosail_015_010_0120.npz"}, {"sza": 15, "vza": 10, "raa": 180, "url": "http://www2.geog.ucl.ac.uk/~ucfajlg/emulators/spectral/prosail/prosail_015_010_0180.npz"}, {"sza": 15, "vza": 15, "raa": 0, "url": "http://www2.geog.ucl.ac.uk/~ucfajlg/emulators/spectral/prosail/prosail_015_015_0000.npz"}, {"sza": 15, "vza": 15, "raa": 60, "url": "http://www2.geog.ucl.ac.uk/~ucfajlg/emulators/spectral/prosail/prosail_015_015_0060.npz"}, {"sza": 15, "vza": 15, "raa": 120, "url": "http://www2.geog.ucl.ac.uk/~ucfajlg/emulators/spectral/prosail/prosail_015_015_0120.npz"}, {"sza": 15, "vza": 15, "raa": 180, "url": "http://www2.geog.ucl.ac.uk/~ucfajlg/emulators/spectral/prosail/prosail_015_015_0180.npz"}, {"sza": 15, "vza": 20, "raa": 0, "url": "http://www2.geog.ucl.ac.uk/~ucfajlg/emulators/spectral/prosail/prosail_015_020_0000.npz"}, {"sza": 15, "vza": 20, "raa": 60, "url": "http://www2.geog.ucl.ac.uk/~ucfajlg/emulators/spectral/prosail/prosail_015_020_0060.npz"}, {"sza": 15, "vza": 20, "raa": 120, "url": "http://www2.geog.ucl.ac.uk/~ucfajlg/emulators/spectral/prosail/prosail_015_020_0120.npz"}, {"sza": 15, "vza": 20, "raa": 180, "url": "http://www2.geog.ucl.ac.uk/~ucfajlg/emulators/spectral/prosail/prosail_015_020_0180.npz"}, {"sza": 15, "vza": 25, "raa": 0, "url": "http://www2.geog.ucl.ac.uk/~ucfajlg/emulators/spectral/prosail/prosail_015_025_0000.npz"}, {"sza": 15, "vza": 25, "raa": 60, "url": "http://www2.geog.ucl.ac.uk/~ucfajlg/emulators/spectral/prosail/prosail_015_025_0060.npz"}, {"sza": 15, "vza": 25, "raa": 120, "url": "http://www2.geog.ucl.ac.uk/~ucfajlg/emulators/spectral/prosail/prosail_015_025_0120.npz"}, {"sza": 15, "vza": 25, "raa": 180, "url": "http://www2.geog.ucl.ac.uk/~ucfajlg/emulators/spectral/prosail/prosail_015_025_0180.npz"}, {"sza": 15, "vza": 30, "raa": 0, "url": "http://www2.geog.ucl.ac.uk/~ucfajlg/emulators/spectral/prosail/prosail_015_030_0000.npz"}, {"sza": 15, "vza": 30, "raa": 60, "url": "http://www2.geog.ucl.ac.uk/~ucfajlg/emulators/spectral/prosail/prosail_015_030_0060.npz"}, {"sza": 15, "vza": 30, "raa": 120, "url": "http://www2.geog.ucl.ac.uk/~ucfajlg/emulators/spectral/prosail/prosail_015_030_0120.npz"}, {"sza": 15, "vza": 30, "raa": 180, "url": "http://www2.geog.ucl.ac.uk/~ucfajlg/emulators/spectral/prosail/prosail_015_030_0180.npz"}, {"sza": 15, "vza": 35, "raa": 0, "url": "http://www2.geog.ucl.ac.uk/~ucfajlg/emulators/spectral/prosail/prosail_015_035_0000.npz"}, {"sza": 15, "vza": 35, "raa": 60, "url": "http://www2.geog.ucl.ac.uk/~ucfajlg/emulators/spectral/prosail/prosail_015_035_0060.npz"}, {"sza": 15, "vza": 35, "raa": 120, "url": "http://www2.geog.ucl.ac.uk/~ucfajlg/emulators/spectral/prosail/prosail_015_035_0120.npz"}, {"sza": 15, "vza": 35, "raa": 180, "url": "http://www2.geog.ucl.ac.uk/~ucfajlg/emulators/spectral/prosail/prosail_015_035_0180.npz"}, {"sza": 15, "vza": 40, "raa": 0, "url": "http://www2.geog.ucl.ac.uk/~ucfajlg/emulators/spectral/prosail/prosail_015_040_0000.npz"}, {"sza": 15, "vza": 40, "raa": 60, "url": "http://www2.geog.ucl.ac.uk/~ucfajlg/emulators/spectral/prosail/prosail_015_040_0060.npz"}, {"sza": 15, "vza": 40, "raa": 120, "url": "http://www2.geog.ucl.ac.uk/~ucfajlg/emulators/spectral/prosail/prosail_015_040_0120.npz"}, {"sza": 15, "vza": 40, "raa": 180, "url": "http://www2.geog.ucl.ac.uk/~ucfajlg/emulators/spectral/prosail/prosail_015_040_0180.npz"}, {"sza": 15, "vza": 45, "raa": 0, "url": "http://www2.geog.ucl.ac.uk/~ucfajlg/emulators/spectral/prosail/prosail_015_045_0000.npz"}, {"sza": 15, "vza": 45, "raa": 60, "url": "http://www2.geog.ucl.ac.uk/~ucfajlg/emulators/spectral/prosail/prosail_015_045_0060.npz"}, {"sza": 15, "vza": 45, "raa": 120, "url": "http://www2.geog.ucl.ac.uk/~ucfajlg/emulators/spectral/prosail/prosail_015_045_0120.npz"}, {"sza": 15, "vza": 45, "raa": 180, "url": "http://www2.geog.ucl.ac.uk/~ucfajlg/emulators/spectral/prosail/prosail_015_045_0180.npz"}, {"sza": 15, "vza": 50, "raa": 0, "url": "http://www2.geog.ucl.ac.uk/~ucfajlg/emulators/spectral/prosail/prosail_015_050_0000.npz"}, {"sza": 15, "vza": 50, "raa": 60, "url": "http://www2.geog.ucl.ac.uk/~ucfajlg/emulators/spectral/prosail/prosail_015_050_0060.npz"}, {"sza": 15, "vza": 50, "raa": 120, "url": "http://www2.geog.ucl.ac.uk/~ucfajlg/emulators/spectral/prosail/prosail_015_050_0120.npz"}, {"sza": 15, "vza": 50, "raa": 180, "url": "http://www2.geog.ucl.ac.uk/~ucfajlg/emulators/spectral/prosail/prosail_015_050_0180.npz"}, {"sza": 15, "vza": 55, "raa": 0, "url": "http://www2.geog.ucl.ac.uk/~ucfajlg/emulators/spectral/prosail/prosail_015_055_0000.npz"}, {"sza": 15, "vza": 55, "raa": 60, "url": "http://www2.geog.ucl.ac.uk/~ucfajlg/emulators/spectral/prosail/prosail_015_055_0060.npz"}, {"sza": 15, "vza": 55, "raa": 120, "url": "http://www2.geog.ucl.ac.uk/~ucfajlg/emulators/spectral/prosail/prosail_015_055_0120.npz"}, {"sza": 15, "vza": 55, "raa": 180, "url": "http://www2.geog.ucl.ac.uk/~ucfajlg/emulators/spectral/prosail/prosail_015_055_0180.npz"}, {"sza": 15, "vza": 60, "raa": 0, "url": "http://www2.geog.ucl.ac.uk/~ucfajlg/emulators/spectral/prosail/prosail_015_060_0000.npz"}, {"sza": 15, "vza": 60, "raa": 60, "url": "http://www2.geog.ucl.ac.uk/~ucfajlg/emulators/spectral/prosail/prosail_015_060_0060.npz"}, {"sza": 15, "vza": 60, "raa": 120, "url": "http://www2.geog.ucl.ac.uk/~ucfajlg/emulators/spectral/prosail/prosail_015_060_0120.npz"}, {"sza": 15, "vza": 60, "raa": 180, "url": "http://www2.geog.ucl.ac.uk/~ucfajlg/emulators/spectral/prosail/prosail_015_060_0180.npz"}, {"sza": 20, "vza": 0, "raa": 0, "url": "http://www2.geog.ucl.ac.uk/~ucfajlg/emulators/spectral/prosail/prosail_020_000_0000.npz"}, {"sza": 20, "vza": 0, "raa": 60, "url": "http://www2.geog.ucl.ac.uk/~ucfajlg/emulators/spectral/prosail/prosail_020_000_0060.npz"}, {"sza": 20, "vza": 0, "raa": 120, "url": "http://www2.geog.ucl.ac.uk/~ucfajlg/emulators/spectral/prosail/prosail_020_000_0120.npz"}, {"sza": 20, "vza": 0, "raa": 180, "url": "http://www2.geog.ucl.ac.uk/~ucfajlg/emulators/spectral/prosail/prosail_020_000_0180.npz"}, {"sza": 20, "vza": 5, "raa": 0, "url": "http://www2.geog.ucl.ac.uk/~ucfajlg/emulators/spectral/prosail/prosail_020_005_0000.npz"}, {"sza": 20, "vza": 5, "raa": 60, "url": "http://www2.geog.ucl.ac.uk/~ucfajlg/emulators/spectral/prosail/prosail_020_005_0060.npz"}, {"sza": 20, "vza": 5, "raa": 120, "url": "http://www2.geog.ucl.ac.uk/~ucfajlg/emulators/spectral/prosail/prosail_020_005_0120.npz"}, {"sza": 20, "vza": 5, "raa": 180, "url": "http://www2.geog.ucl.ac.uk/~ucfajlg/emulators/spectral/prosail/prosail_020_005_0180.npz"}, {"sza": 20, "vza": 10, "raa": 0, "url": "http://www2.geog.ucl.ac.uk/~ucfajlg/emulators/spectral/prosail/prosail_020_010_0000.npz"}, {"sza": 20, "vza": 10, "raa": 60, "url": "http://www2.geog.ucl.ac.uk/~ucfajlg/emulators/spectral/prosail/prosail_020_010_0060.npz"}, {"sza": 20, "vza": 10, "raa": 120, "url": "http://www2.geog.ucl.ac.uk/~ucfajlg/emulators/spectral/prosail/prosail_020_010_0120.npz"}, {"sza": 20, "vza": 10, "raa": 180, "url": "http://www2.geog.ucl.ac.uk/~ucfajlg/emulators/spectral/prosail/prosail_020_010_0180.npz"}, {"sza": 20, "vza": 15, "raa": 0, "url": "http://www2.geog.ucl.ac.uk/~ucfajlg/emulators/spectral/prosail/prosail_020_015_0000.npz"}, {"sza": 20, "vza": 15, "raa": 60, "url": "http://www2.geog.ucl.ac.uk/~ucfajlg/emulators/spectral/prosail/prosail_020_015_0060.npz"}, {"sza": 20, "vza": 15, "raa": 120, "url": "http://www2.geog.ucl.ac.uk/~ucfajlg/emulators/spectral/prosail/prosail_020_015_0120.npz"}, {"sza": 20, "vza": 15, "raa": 180, "url": "http://www2.geog.ucl.ac.uk/~ucfajlg/emulators/spectral/prosail/prosail_020_015_0180.npz"}, {"sza": 20, "vza": 20, "raa": 0, "url": "http://www2.geog.ucl.ac.uk/~ucfajlg/emulators/spectral/prosail/prosail_020_020_0000.npz"}, {"sza": 20, "vza": 20, "raa": 60, "url": "http://www2.geog.ucl.ac.uk/~ucfajlg/emulators/spectral/prosail/prosail_020_020_0060.npz"}, {"sza": 20, "vza": 20, "raa": 120, "url": "http://www2.geog.ucl.ac.uk/~ucfajlg/emulators/spectral/prosail/prosail_020_020_0120.npz"}, {"sza": 20, "vza": 20, "raa": 180, "url": "http://www2.geog.ucl.ac.uk/~ucfajlg/emulators/spectral/prosail/prosail_020_020_0180.npz"}, {"sza": 20, "vza": 25, "raa": 0, "url": "http://www2.geog.ucl.ac.uk/~ucfajlg/emulators/spectral/prosail/prosail_020_025_0000.npz"}, {"sza": 20, "vza": 25, "raa": 60, "url": "http://www2.geog.ucl.ac.uk/~ucfajlg/emulators/spectral/prosail/prosail_020_025_0060.npz"}, {"sza": 20, "vza": 25, "raa": 120, "url": "http://www2.geog.ucl.ac.uk/~ucfajlg/emulators/spectral/prosail/prosail_020_025_0120.npz"}, {"sza": 20, "vza": 25, "raa": 180, "url": "http://www2.geog.ucl.ac.uk/~ucfajlg/emulators/spectral/prosail/prosail_020_025_0180.npz"}, {"sza": 20, "vza": 30, "raa": 0, "url": "http://www2.geog.ucl.ac.uk/~ucfajlg/emulators/spectral/prosail/prosail_020_030_0000.npz"}, {"sza": 20, "vza": 30, "raa": 60, "url": "http://www2.geog.ucl.ac.uk/~ucfajlg/emulators/spectral/prosail/prosail_020_030_0060.npz"}, {"sza": 20, "vza": 30, "raa": 120, "url": "http://www2.geog.ucl.ac.uk/~ucfajlg/emulators/spectral/prosail/prosail_020_030_0120.npz"}, {"sza": 20, "vza": 30, "raa": 180, "url": "http://www2.geog.ucl.ac.uk/~ucfajlg/emulators/spectral/prosail/prosail_020_030_0180.npz"}, {"sza": 20, "vza": 35, "raa": 0, "url": "http://www2.geog.ucl.ac.uk/~ucfajlg/emulators/spectral/prosail/prosail_020_035_0000.npz"}, {"sza": 20, "vza": 35, "raa": 60, "url": "http://www2.geog.ucl.ac.uk/~ucfajlg/emulators/spectral/prosail/prosail_020_035_0060.npz"}, {"sza": 20, "vza": 35, "raa": 120, "url": "http://www2.geog.ucl.ac.uk/~ucfajlg/emulators/spectral/prosail/prosail_020_035_0120.npz"}, {"sza": 20, "vza": 35, "raa": 180, "url": "http://www2.geog.ucl.ac.uk/~ucfajlg/emulators/spectral/prosail/prosail_020_035_0180.npz"}, {"sza": 20, "vza": 40, "raa": 0, "url": "http://www2.geog.ucl.ac.uk/~ucfajlg/emulators/spectral/prosail/prosail_020_040_0000.npz"}, {"sza": 20, "vza": 40, "raa": 60, "url": "http://www2.geog.ucl.ac.uk/~ucfajlg/emulators/spectral/prosail/prosail_020_040_0060.npz"}, {"sza": 20, "vza": 40, "raa": 120, "url": "http://www2.geog.ucl.ac.uk/~ucfajlg/emulators/spectral/prosail/prosail_020_040_0120.npz"}, {"sza": 20, "vza": 40, "raa": 180, "url": "http://www2.geog.ucl.ac.uk/~ucfajlg/emulators/spectral/prosail/prosail_020_040_0180.npz"}, {"sza": 20, "vza": 45, "raa": 0, "url": "http://www2.geog.ucl.ac.uk/~ucfajlg/emulators/spectral/prosail/prosail_020_045_0000.npz"}, {"sza": 20, "vza": 45, "raa": 60, "url": "http://www2.geog.ucl.ac.uk/~ucfajlg/emulators/spectral/prosail/prosail_020_045_0060.npz"}, {"sza": 20, "vza": 45, "raa": 120, "url": "http://www2.geog.ucl.ac.uk/~ucfajlg/emulators/spectral/prosail/prosail_020_045_0120.npz"}, {"sza": 20, "vza": 45, "raa": 180, "url": "http://www2.geog.ucl.ac.uk/~ucfajlg/emulators/spectral/prosail/prosail_020_045_0180.npz"}, {"sza": 20, "vza": 50, "raa": 0, "url": "http://www2.geog.ucl.ac.uk/~ucfajlg/emulators/spectral/prosail/prosail_020_050_0000.npz"}, {"sza": 20, "vza": 50, "raa": 60, "url": "http://www2.geog.ucl.ac.uk/~ucfajlg/emulators/spectral/prosail/prosail_020_050_0060.npz"}, {"sza": 20, "vza": 50, "raa": 120, "url": "http://www2.geog.ucl.ac.uk/~ucfajlg/emulators/spectral/prosail/prosail_020_050_0120.npz"}, {"sza": 20, "vza": 50, "raa": 180, "url": "http://www2.geog.ucl.ac.uk/~ucfajlg/emulators/spectral/prosail/prosail_020_050_0180.npz"}, {"sza": 20, "vza": 55, "raa": 0, "url": "http://www2.geog.ucl.ac.uk/~ucfajlg/emulators/spectral/prosail/prosail_020_055_0000.npz"}, {"sza": 20, "vza": 55, "raa": 60, "url": "http://www2.geog.ucl.ac.uk/~ucfajlg/emulators/spectral/prosail/prosail_020_055_0060.npz"}, {"sza": 20, "vza": 55, "raa": 120, "url": "http://www2.geog.ucl.ac.uk/~ucfajlg/emulators/spectral/prosail/prosail_020_055_0120.npz"}, {"sza": 20, "vza": 55, "raa": 180, "url": "http://www2.geog.ucl.ac.uk/~ucfajlg/emulators/spectral/prosail/prosail_020_055_0180.npz"}, {"sza": 20, "vza": 60, "raa": 0, "url": "http://www2.geog.ucl.ac.uk/~ucfajlg/emulators/spectral/prosail/prosail_020_060_0000.npz"}, {"sza": 20, "vza": 60, "raa": 60, "url": "http://www2.geog.ucl.ac.uk/~ucfajlg/emulators/spectral/prosail/prosail_020_060_0060.npz"}, {"sza": 20, "vza": 60, "raa": 120, "url": "http://www2.geog.ucl.ac.uk/~ucfajlg/emulators/spectral/prosail/prosail_020_060_0120.npz"}, {"sza": 20, "vza": 60, "raa": 180, "url": "http://www2.geog.ucl.ac.uk/~ucfajlg/emulators/spectral/prosail/prosail_020_060_0180.npz"}, {"sza": 25, "vza": 0, "raa": 0, "url": "http://www2.geog.ucl.ac.uk/~ucfajlg/emulators/spectral/prosail/prosail_025_000_0000.npz"}, {"sza": 25, "vza": 0, "raa": 60, "url": "http://www2.geog.ucl.ac.uk/~ucfajlg/emulators/spectral/prosail/prosail_025_000_0060.npz"}, {"sza": 25, "vza": 0, "raa": 120, "url": "http://www2.geog.ucl.ac.uk/~ucfajlg/emulators/spectral/prosail/prosail_025_000_0120.npz"}, {"sza": 25, "vza": 0, "raa": 180, "url": "http://www2.geog.ucl.ac.uk/~ucfajlg/emulators/spectral/prosail/prosail_025_000_0180.npz"}, {"sza": 25, "vza": 5, "raa": 0, "url": "http://www2.geog.ucl.ac.uk/~ucfajlg/emulators/spectral/prosail/prosail_025_005_0000.npz"}, {"sza": 25, "vza": 5, "raa": 60, "url": "http://www2.geog.ucl.ac.uk/~ucfajlg/emulators/spectral/prosail/prosail_025_005_0060.npz"}, {"sza": 25, "vza": 5, "raa": 120, "url": "http://www2.geog.ucl.ac.uk/~ucfajlg/emulators/spectral/prosail/prosail_025_005_0120.npz"}, {"sza": 25, "vza": 5, "raa": 180, "url": "http://www2.geog.ucl.ac.uk/~ucfajlg/emulators/spectral/prosail/prosail_025_005_0180.npz"}, {"sza": 25, "vza": 10, "raa": 0, "url": "http://www2.geog.ucl.ac.uk/~ucfajlg/emulators/spectral/prosail/prosail_025_010_0000.npz"}, {"sza": 25, "vza": 10, "raa": 60, "url": "http://www2.geog.ucl.ac.uk/~ucfajlg/emulators/spectral/prosail/prosail_025_010_0060.npz"}, {"sza": 25, "vza": 10, "raa": 120, "url": "http://www2.geog.ucl.ac.uk/~ucfajlg/emulators/spectral/prosail/prosail_025_010_0120.npz"}, {"sza": 25, "vza": 10, "raa": 180, "url": "http://www2.geog.ucl.ac.uk/~ucfajlg/emulators/spectral/prosail/prosail_025_010_0180.npz"}, {"sza": 25, "vza": 15, "raa": 0, "url": "http://www2.geog.ucl.ac.uk/~ucfajlg/emulators/spectral/prosail/prosail_025_015_0000.npz"}, {"sza": 25, "vza": 15, "raa": 60, "url": "http://www2.geog.ucl.ac.uk/~ucfajlg/emulators/spectral/prosail/prosail_025_015_0060.npz"}, {"sza": 25, "vza": 15, "raa": 120, "url": "http://www2.geog.ucl.ac.uk/~ucfajlg/emulators/spectral/prosail/prosail_025_015_0120.npz"}, {"sza": 25, "vza": 15, "raa": 180, "url": "http://www2.geog.ucl.ac.uk/~ucfajlg/emulators/spectral/prosail/prosail_025_015_0180.npz"}, {"sza": 25, "vza": 20, "raa": 0, "url": "http://www2.geog.ucl.ac.uk/~ucfajlg/emulators/spectral/prosail/prosail_025_020_0000.npz"}, {"sza": 25, "vza": 20, "raa": 60, "url": "http://www2.geog.ucl.ac.uk/~ucfajlg/emulators/spectral/prosail/prosail_025_020_0060.npz"}, {"sza": 25, "vza": 20, "raa": 120, "url": "http://www2.geog.ucl.ac.uk/~ucfajlg/emulators/spectral/prosail/prosail_025_020_0120.npz"}, {"sza": 25, "vza": 20, "raa": 180, "url": "http://www2.geog.ucl.ac.uk/~ucfajlg/emulators/spectral/prosail/prosail_025_020_0180.npz"}, {"sza": 25, "vza": 25, "raa": 0, "url": "http://www2.geog.ucl.ac.uk/~ucfajlg/emulators/spectral/prosail/prosail_025_025_0000.npz"}, {"sza": 25, "vza": 25, "raa": 60, "url": "http://www2.geog.ucl.ac.uk/~ucfajlg/emulators/spectral/prosail/prosail_025_025_0060.npz"}, {"sza": 25, "vza": 25, "raa": 120, "url": "http://www2.geog.ucl.ac.uk/~ucfajlg/emulators/spectral/prosail/prosail_025_025_0120.npz"}, {"sza": 25, "vza": 25, "raa": 180, "url": "http://www2.geog.ucl.ac.uk/~ucfajlg/emulators/spectral/prosail/prosail_025_025_0180.npz"}, {"sza": 25, "vza": 30, "raa": 0, "url": "http://www2.geog.ucl.ac.uk/~ucfajlg/emulators/spectral/prosail/prosail_025_030_0000.npz"}, {"sza": 25, "vza": 30, "raa": 60, "url": "http://www2.geog.ucl.ac.uk/~ucfajlg/emulators/spectral/prosail/prosail_025_030_0060.npz"}, {"sza": 25, "vza": 30, "raa": 120, "url": "http://www2.geog.ucl.ac.uk/~ucfajlg/emulators/spectral/prosail/prosail_025_030_0120.npz"}, {"sza": 25, "vza": 30, "raa": 180, "url": "http://www2.geog.ucl.ac.uk/~ucfajlg/emulators/spectral/prosail/prosail_025_030_0180.npz"}, {"sza": 25, "vza": 35, "raa": 0, "url": "http://www2.geog.ucl.ac.uk/~ucfajlg/emulators/spectral/prosail/prosail_025_035_0000.npz"}, {"sza": 25, "vza": 35, "raa": 60, "url": "http://www2.geog.ucl.ac.uk/~ucfajlg/emulators/spectral/prosail/prosail_025_035_0060.npz"}, {"sza": 25, "vza": 35, "raa": 120, "url": "http://www2.geog.ucl.ac.uk/~ucfajlg/emulators/spectral/prosail/prosail_025_035_0120.npz"}, {"sza": 25, "vza": 35, "raa": 180, "url": "http://www2.geog.ucl.ac.uk/~ucfajlg/emulators/spectral/prosail/prosail_025_035_0180.npz"}, {"sza": 25, "vza": 40, "raa": 0, "url": "http://www2.geog.ucl.ac.uk/~ucfajlg/emulators/spectral/prosail/prosail_025_040_0000.npz"}, {"sza": 25, "vza": 40, "raa": 60, "url": "http://www2.geog.ucl.ac.uk/~ucfajlg/emulators/spectral/prosail/prosail_025_040_0060.npz"}, {"sza": 25, "vza": 40, "raa": 120, "url": "http://www2.geog.ucl.ac.uk/~ucfajlg/emulators/spectral/prosail/prosail_025_040_0120.npz"}, {"sza": 25, "vza": 40, "raa": 180, "url": "http://www2.geog.ucl.ac.uk/~ucfajlg/emulators/spectral/prosail/prosail_025_040_0180.npz"}, {"sza": 25, "vza": 45, "raa": 0, "url": "http://www2.geog.ucl.ac.uk/~ucfajlg/emulators/spectral/prosail/prosail_025_045_0000.npz"}, {"sza": 25, "vza": 45, "raa": 60, "url": "http://www2.geog.ucl.ac.uk/~ucfajlg/emulators/spectral/prosail/prosail_025_045_0060.npz"}, {"sza": 25, "vza": 45, "raa": 120, "url": "http://www2.geog.ucl.ac.uk/~ucfajlg/emulators/spectral/prosail/prosail_025_045_0120.npz"}, {"sza": 25, "vza": 45, "raa": 180, "url": "http://www2.geog.ucl.ac.uk/~ucfajlg/emulators/spectral/prosail/prosail_025_045_0180.npz"}, {"sza": 25, "vza": 50, "raa": 0, "url": "http://www2.geog.ucl.ac.uk/~ucfajlg/emulators/spectral/prosail/prosail_025_050_0000.npz"}, {"sza": 25, "vza": 50, "raa": 60, "url": "http://www2.geog.ucl.ac.uk/~ucfajlg/emulators/spectral/prosail/prosail_025_050_0060.npz"}, {"sza": 25, "vza": 50, "raa": 120, "url": "http://www2.geog.ucl.ac.uk/~ucfajlg/emulators/spectral/prosail/prosail_025_050_0120.npz"}, {"sza": 25, "vza": 50, "raa": 180, "url": "http://www2.geog.ucl.ac.uk/~ucfajlg/emulators/spectral/prosail/prosail_025_050_0180.npz"}, {"sza": 25, "vza": 55, "raa": 0, "url": "http://www2.geog.ucl.ac.uk/~ucfajlg/emulators/spectral/prosail/prosail_025_055_0000.npz"}, {"sza": 25, "vza": 55, "raa": 60, "url": "http://www2.geog.ucl.ac.uk/~ucfajlg/emulators/spectral/prosail/prosail_025_055_0060.npz"}, {"sza": 25, "vza": 55, "raa": 120, "url": "http://www2.geog.ucl.ac.uk/~ucfajlg/emulators/spectral/prosail/prosail_025_055_0120.npz"}, {"sza": 25, "vza": 55, "raa": 180, "url": "http://www2.geog.ucl.ac.uk/~ucfajlg/emulators/spectral/prosail/prosail_025_055_0180.npz"}, {"sza": 25, "vza": 60, "raa": 0, "url": "http://www2.geog.ucl.ac.uk/~ucfajlg/emulators/spectral/prosail/prosail_025_060_0000.npz"}, {"sza": 25, "vza": 60, "raa": 60, "url": "http://www2.geog.ucl.ac.uk/~ucfajlg/emulators/spectral/prosail/prosail_025_060_0060.npz"}, {"sza": 25, "vza": 60, "raa": 120, "url": "http://www2.geog.ucl.ac.uk/~ucfajlg/emulators/spectral/prosail/prosail_025_060_0120.npz"}, {"sza": 25, "vza": 60, "raa": 180, "url": "http://www2.geog.ucl.ac.uk/~ucfajlg/emulators/spectral/prosail/prosail_025_060_0180.npz"}, {"sza": 30, "vza": 0, "raa": 0, "url": "http://www2.geog.ucl.ac.uk/~ucfajlg/emulators/spectral/prosail/prosail_030_000_0000.npz"}, {"sza": 30, "vza": 0, "raa": 60, "url": "http://www2.geog.ucl.ac.uk/~ucfajlg/emulators/spectral/prosail/prosail_030_000_0060.npz"}, {"sza": 30, "vza": 0, "raa": 120, "url": "http://www2.geog.ucl.ac.uk/~ucfajlg/emulators/spectral/prosail/prosail_030_000_0120.npz"}, {"sza": 30, "vza": 0, "raa": 180, "url": "http://www2.geog.ucl.ac.uk/~ucfajlg/emulators/spectral/prosail/prosail_030_000_0180.npz"}, {"sza": 30, "vza": 5, "raa": 0, "url": "http://www2.geog.ucl.ac.uk/~ucfajlg/emulators/spectral/prosail/prosail_030_005_0000.npz"}, {"sza": 30, "vza": 5, "raa": 60, "url": "http://www2.geog.ucl.ac.uk/~ucfajlg/emulators/spectral/prosail/prosail_030_005_0060.npz"}, {"sza": 30, "vza": 5, "raa": 120, "url": "http://www2.geog.ucl.ac.uk/~ucfajlg/emulators/spectral/prosail/prosail_030_005_0120.npz"}, {"sza": 30, "vza": 5, "raa": 180, "url": "http://www2.geog.ucl.ac.uk/~ucfajlg/emulators/spectral/prosail/prosail_030_005_0180.npz"}, {"sza": 30, "vza": 10, "raa": 0, "url": "http://www2.geog.ucl.ac.uk/~ucfajlg/emulators/spectral/prosail/prosail_030_010_0000.npz"}, {"sza": 30, "vza": 10, "raa": 60, "url": "http://www2.geog.ucl.ac.uk/~ucfajlg/emulators/spectral/prosail/prosail_030_010_0060.npz"}, {"sza": 30, "vza": 10, "raa": 120, "url": "http://www2.geog.ucl.ac.uk/~ucfajlg/emulators/spectral/prosail/prosail_030_010_0120.npz"}, {"sza": 30, "vza": 10, "raa": 180, "url": "http://www2.geog.ucl.ac.uk/~ucfajlg/emulators/spectral/prosail/prosail_030_010_0180.npz"}, {"sza": 30, "vza": 15, "raa": 0, "url": "http://www2.geog.ucl.ac.uk/~ucfajlg/emulators/spectral/prosail/prosail_030_015_0000.npz"}, {"sza": 30, "vza": 15, "raa": 60, "url": "http://www2.geog.ucl.ac.uk/~ucfajlg/emulators/spectral/prosail/prosail_030_015_0060.npz"}, {"sza": 30, "vza": 15, "raa": 120, "url": "http://www2.geog.ucl.ac.uk/~ucfajlg/emulators/spectral/prosail/prosail_030_015_0120.npz"}, {"sza": 30, "vza": 15, "raa": 180, "url": "http://www2.geog.ucl.ac.uk/~ucfajlg/emulators/spectral/prosail/prosail_030_015_0180.npz"}, {"sza": 30, "vza": 20, "raa": 0, "url": "http://www2.geog.ucl.ac.uk/~ucfajlg/emulators/spectral/prosail/prosail_030_020_0000.npz"}, {"sza": 30, "vza": 20, "raa": 60, "url": "http://www2.geog.ucl.ac.uk/~ucfajlg/emulators/spectral/prosail/prosail_030_020_0060.npz"}, {"sza": 30, "vza": 20, "raa": 120, "url": "http://www2.geog.ucl.ac.uk/~ucfajlg/emulators/spectral/prosail/prosail_030_020_0120.npz"}, {"sza": 30, "vza": 20, "raa": 180, "url": "http://www2.geog.ucl.ac.uk/~ucfajlg/emulators/spectral/prosail/prosail_030_020_0180.npz"}, {"sza": 30, "vza": 25, "raa": 0, "url": "http://www2.geog.ucl.ac.uk/~ucfajlg/emulators/spectral/prosail/prosail_030_025_0000.npz"}, {"sza": 30, "vza": 25, "raa": 60, "url": "http://www2.geog.ucl.ac.uk/~ucfajlg/emulators/spectral/prosail/prosail_030_025_0060.npz"}, {"sza": 30, "vza": 25, "raa": 120, "url": "http://www2.geog.ucl.ac.uk/~ucfajlg/emulators/spectral/prosail/prosail_030_025_0120.npz"}, {"sza": 30, "vza": 25, "raa": 180, "url": "http://www2.geog.ucl.ac.uk/~ucfajlg/emulators/spectral/prosail/prosail_030_025_0180.npz"}, {"sza": 30, "vza": 30, "raa": 0, "url": "http://www2.geog.ucl.ac.uk/~ucfajlg/emulators/spectral/prosail/prosail_030_030_0000.npz"}, {"sza": 30, "vza": 30, "raa": 60, "url": "http://www2.geog.ucl.ac.uk/~ucfajlg/emulators/spectral/prosail/prosail_030_030_0060.npz"}, {"sza": 30, "vza": 30, "raa": 120, "url": "http://www2.geog.ucl.ac.uk/~ucfajlg/emulators/spectral/prosail/prosail_030_030_0120.npz"}, {"sza": 30, "vza": 30, "raa": 180, "url": "http://www2.geog.ucl.ac.uk/~ucfajlg/emulators/spectral/prosail/prosail_030_030_0180.npz"}, {"sza": 30, "vza": 35, "raa": 0, "url": "http://www2.geog.ucl.ac.uk/~ucfajlg/emulators/spectral/prosail/prosail_030_035_0000.npz"}, {"sza": 30, "vza": 35, "raa": 60, "url": "http://www2.geog.ucl.ac.uk/~ucfajlg/emulators/spectral/prosail/prosail_030_035_0060.npz"}, {"sza": 30, "vza": 35, "raa": 120, "url": "http://www2.geog.ucl.ac.uk/~ucfajlg/emulators/spectral/prosail/prosail_030_035_0120.npz"}, {"sza": 30, "vza": 35, "raa": 180, "url": "http://www2.geog.ucl.ac.uk/~ucfajlg/emulators/spectral/prosail/prosail_030_035_0180.npz"}, {"sza": 30, "vza": 40, "raa": 0, "url": "http://www2.geog.ucl.ac.uk/~ucfajlg/emulators/spectral/prosail/prosail_030_040_0000.npz"}, {"sza": 30, "vza": 40, "raa": 60, "url": "http://www2.geog.ucl.ac.uk/~ucfajlg/emulators/spectral/prosail/prosail_030_040_0060.npz"}, {"sza": 30, "vza": 40, "raa": 120, "url": "http://www2.geog.ucl.ac.uk/~ucfajlg/emulators/spectral/prosail/prosail_030_040_0120.npz"}, {"sza": 30, "vza": 40, "raa": 180, "url": "http://www2.geog.ucl.ac.uk/~ucfajlg/emulators/spectral/prosail/prosail_030_040_0180.npz"}, {"sza": 30, "vza": 45, "raa": 0, "url": "http://www2.geog.ucl.ac.uk/~ucfajlg/emulators/spectral/prosail/prosail_030_045_0000.npz"}, {"sza": 30, "vza": 45, "raa": 60, "url": "http://www2.geog.ucl.ac.uk/~ucfajlg/emulators/spectral/prosail/prosail_030_045_0060.npz"}, {"sza": 30, "vza": 45, "raa": 120, "url": "http://www2.geog.ucl.ac.uk/~ucfajlg/emulators/spectral/prosail/prosail_030_045_0120.npz"}, {"sza": 30, "vza": 45, "raa": 180, "url": "http://www2.geog.ucl.ac.uk/~ucfajlg/emulators/spectral/prosail/prosail_030_045_0180.npz"}, {"sza": 30, "vza": 50, "raa": 0, "url": "http://www2.geog.ucl.ac.uk/~ucfajlg/emulators/spectral/prosail/prosail_030_050_0000.npz"}, {"sza": 30, "vza": 50, "raa": 60, "url": "http://www2.geog.ucl.ac.uk/~ucfajlg/emulators/spectral/prosail/prosail_030_050_0060.npz"}, {"sza": 30, "vza": 50, "raa": 120, "url": "http://www2.geog.ucl.ac.uk/~ucfajlg/emulators/spectral/prosail/prosail_030_050_0120.npz"}, {"sza": 30, "vza": 50, "raa": 180, "url": "http://www2.geog.ucl.ac.uk/~ucfajlg/emulators/spectral/prosail/prosail_030_050_0180.npz"}, {"sza": 30, "vza": 55, "raa": 0, "url": "http://www2.geog.ucl.ac.uk/~ucfajlg/emulators/spectral/prosail/prosail_030_055_0000.npz"}, {"sza": 30, "vza": 55, "raa": 60, "url": "http://www2.geog.ucl.ac.uk/~ucfajlg/emulators/spectral/prosail/prosail_030_055_0060.npz"}, {"sza": 30, "vza": 55, "raa": 120, "url": "http://www2.geog.ucl.ac.uk/~ucfajlg/emulators/spectral/prosail/prosail_030_055_0120.npz"}, {"sza": 30, "vza": 55, "raa": 180, "url": "http://www2.geog.ucl.ac.uk/~ucfajlg/emulators/spectral/prosail/prosail_030_055_0180.npz"}, {"sza": 30, "vza": 60, "raa": 0, "url": "http://www2.geog.ucl.ac.uk/~ucfajlg/emulators/spectral/prosail/prosail_030_060_0000.npz"}, {"sza": 30, "vza": 60, "raa": 60, "url": "http://www2.geog.ucl.ac.uk/~ucfajlg/emulators/spectral/prosail/prosail_030_060_0060.npz"}, {"sza": 30, "vza": 60, "raa": 120, "url": "http://www2.geog.ucl.ac.uk/~ucfajlg/emulators/spectral/prosail/prosail_030_060_0120.npz"}, {"sza": 30, "vza": 60, "raa": 180, "url": "http://www2.geog.ucl.ac.uk/~ucfajlg/emulators/spectral/prosail/prosail_030_060_0180.npz"}, {"sza": 35, "vza": 0, "raa": 0, "url": "http://www2.geog.ucl.ac.uk/~ucfajlg/emulators/spectral/prosail/prosail_035_000_0000.npz"}, {"sza": 35, "vza": 0, "raa": 60, "url": "http://www2.geog.ucl.ac.uk/~ucfajlg/emulators/spectral/prosail/prosail_035_000_0060.npz"}, {"sza": 35, "vza": 0, "raa": 120, "url": "http://www2.geog.ucl.ac.uk/~ucfajlg/emulators/spectral/prosail/prosail_035_000_0120.npz"}, {"sza": 35, "vza": 0, "raa": 180, "url": "http://www2.geog.ucl.ac.uk/~ucfajlg/emulators/spectral/prosail/prosail_035_000_0180.npz"}, {"sza": 35, "vza": 5, "raa": 0, "url": "http://www2.geog.ucl.ac.uk/~ucfajlg/emulators/spectral/prosail/prosail_035_005_0000.npz"}, {"sza": 35, "vza": 5, "raa": 60, "url": "http://www2.geog.ucl.ac.uk/~ucfajlg/emulators/spectral/prosail/prosail_035_005_0060.npz"}, {"sza": 35, "vza": 5, "raa": 120, "url": "http://www2.geog.ucl.ac.uk/~ucfajlg/emulators/spectral/prosail/prosail_035_005_0120.npz"}, {"sza": 35, "vza": 5, "raa": 180, "url": "http://www2.geog.ucl.ac.uk/~ucfajlg/emulators/spectral/prosail/prosail_035_005_0180.npz"}, {"sza": 35, "vza": 10, "raa": 0, "url": "http://www2.geog.ucl.ac.uk/~ucfajlg/emulators/spectral/prosail/prosail_035_010_0000.npz"}, {"sza": 35, "vza": 10, "raa": 60, "url": "http://www2.geog.ucl.ac.uk/~ucfajlg/emulators/spectral/prosail/prosail_035_010_0060.npz"}, {"sza": 35, "vza": 10, "raa": 120, "url": "http://www2.geog.ucl.ac.uk/~ucfajlg/emulators/spectral/prosail/prosail_035_010_0120.npz"}, {"sza": 35, "vza": 10, "raa": 180, "url": "http://www2.geog.ucl.ac.uk/~ucfajlg/emulators/spectral/prosail/prosail_035_010_0180.npz"}, {"sza": 35, "vza": 15, "raa": 0, "url": "http://www2.geog.ucl.ac.uk/~ucfajlg/emulators/spectral/prosail/prosail_035_015_0000.npz"}, {"sza": 35, "vza": 15, "raa": 60, "url": "http://www2.geog.ucl.ac.uk/~ucfajlg/emulators/spectral/prosail/prosail_035_015_0060.npz"}, {"sza": 35, "vza": 15, "raa": 120, "url": "http://www2.geog.ucl.ac.uk/~ucfajlg/emulators/spectral/prosail/prosail_035_015_0120.npz"}, {"sza": 35, "vza": 15, "raa": 180, "url": "http://www2.geog.ucl.ac.uk/~ucfajlg/emulators/spectral/prosail/prosail_035_015_0180.npz"}, {"sza": 35, "vza": 20, "raa": 0, "url": "http://www2.geog.ucl.ac.uk/~ucfajlg/emulators/spectral/prosail/prosail_035_020_0000.npz"}, {"sza": 35, "vza": 20, "raa": 60, "url": "http://www2.geog.ucl.ac.uk/~ucfajlg/emulators/spectral/prosail/prosail_035_020_0060.npz"}, {"sza": 35, "vza": 20, "raa": 120, "url": "http://www2.geog.ucl.ac.uk/~ucfajlg/emulators/spectral/prosail/prosail_035_020_0120.npz"}, {"sza": 35, "vza": 20, "raa": 180, "url": "http://www2.geog.ucl.ac.uk/~ucfajlg/emulators/spectral/prosail/prosail_035_020_0180.npz"}, {"sza": 35, "vza": 25, "raa": 0, "url": "http://www2.geog.ucl.ac.uk/~ucfajlg/emulators/spectral/prosail/prosail_035_025_0000.npz"}, {"sza": 35, "vza": 25, "raa": 60, "url": "http://www2.geog.ucl.ac.uk/~ucfajlg/emulators/spectral/prosail/prosail_035_025_0060.npz"}, {"sza": 35, "vza": 25, "raa": 120, "url": "http://www2.geog.ucl.ac.uk/~ucfajlg/emulators/spectral/prosail/prosail_035_025_0120.npz"}, {"sza": 35, "vza": 25, "raa": 180, "url": "http://www2.geog.ucl.ac.uk/~ucfajlg/emulators/spectral/prosail/prosail_035_025_0180.npz"}, {"sza": 35, "vza": 30, "raa": 0, "url": "http://www2.geog.ucl.ac.uk/~ucfajlg/emulators/spectral/prosail/prosail_035_030_0000.npz"}, {"sza": 35, "vza": 30, "raa": 60, "url": "http://www2.geog.ucl.ac.uk/~ucfajlg/emulators/spectral/prosail/prosail_035_030_0060.npz"}, {"sza": 35, "vza": 30, "raa": 120, "url": "http://www2.geog.ucl.ac.uk/~ucfajlg/emulators/spectral/prosail/prosail_035_030_0120.npz"}, {"sza": 35, "vza": 30, "raa": 180, "url": "http://www2.geog.ucl.ac.uk/~ucfajlg/emulators/spectral/prosail/prosail_035_030_0180.npz"}, {"sza": 35, "vza": 35, "raa": 0, "url": "http://www2.geog.ucl.ac.uk/~ucfajlg/emulators/spectral/prosail/prosail_035_035_0000.npz"}, {"sza": 35, "vza": 35, "raa": 60, "url": "http://www2.geog.ucl.ac.uk/~ucfajlg/emulators/spectral/prosail/prosail_035_035_0060.npz"}, {"sza": 35, "vza": 35, "raa": 120, "url": "http://www2.geog.ucl.ac.uk/~ucfajlg/emulators/spectral/prosail/prosail_035_035_0120.npz"}, {"sza": 35, "vza": 35, "raa": 180, "url": "http://www2.geog.ucl.ac.uk/~ucfajlg/emulators/spectral/prosail/prosail_035_035_0180.npz"}, {"sza": 35, "vza": 40, "raa": 0, "url": "http://www2.geog.ucl.ac.uk/~ucfajlg/emulators/spectral/prosail/prosail_035_040_0000.npz"}, {"sza": 35, "vza": 40, "raa": 60, "url": "http://www2.geog.ucl.ac.uk/~ucfajlg/emulators/spectral/prosail/prosail_035_040_0060.npz"}, {"sza": 35, "vza": 40, "raa": 120, "url": "http://www2.geog.ucl.ac.uk/~ucfajlg/emulators/spectral/prosail/prosail_035_040_0120.npz"}, {"sza": 35, "vza": 40, "raa": 180, "url": "http://www2.geog.ucl.ac.uk/~ucfajlg/emulators/spectral/prosail/prosail_035_040_0180.npz"}, {"sza": 35, "vza": 45, "raa": 0, "url": "http://www2.geog.ucl.ac.uk/~ucfajlg/emulators/spectral/prosail/prosail_035_045_0000.npz"}, {"sza": 35, "vza": 45, "raa": 60, "url": "http://www2.geog.ucl.ac.uk/~ucfajlg/emulators/spectral/prosail/prosail_035_045_0060.npz"}, {"sza": 35, "vza": 45, "raa": 120, "url": "http://www2.geog.ucl.ac.uk/~ucfajlg/emulators/spectral/prosail/prosail_035_045_0120.npz"}, {"sza": 35, "vza": 45, "raa": 180, "url": "http://www2.geog.ucl.ac.uk/~ucfajlg/emulators/spectral/prosail/prosail_035_045_0180.npz"}, {"sza": 35, "vza": 50, "raa": 0, "url": "http://www2.geog.ucl.ac.uk/~ucfajlg/emulators/spectral/prosail/prosail_035_050_0000.npz"}, {"sza": 35, "vza": 50, "raa": 60, "url": "http://www2.geog.ucl.ac.uk/~ucfajlg/emulators/spectral/prosail/prosail_035_050_0060.npz"}, {"sza": 35, "vza": 50, "raa": 120, "url": "http://www2.geog.ucl.ac.uk/~ucfajlg/emulators/spectral/prosail/prosail_035_050_0120.npz"}, {"sza": 35, "vza": 50, "raa": 180, "url": "http://www2.geog.ucl.ac.uk/~ucfajlg/emulators/spectral/prosail/prosail_035_050_0180.npz"}, {"sza": 35, "vza": 55, "raa": 0, "url": "http://www2.geog.ucl.ac.uk/~ucfajlg/emulators/spectral/prosail/prosail_035_055_0000.npz"}, {"sza": 35, "vza": 55, "raa": 60, "url": "http://www2.geog.ucl.ac.uk/~ucfajlg/emulators/spectral/prosail/prosail_035_055_0060.npz"}, {"sza": 35, "vza": 55, "raa": 120, "url": "http://www2.geog.ucl.ac.uk/~ucfajlg/emulators/spectral/prosail/prosail_035_055_0120.npz"}, {"sza": 35, "vza": 55, "raa": 180, "url": "http://www2.geog.ucl.ac.uk/~ucfajlg/emulators/spectral/prosail/prosail_035_055_0180.npz"}, {"sza": 35, "vza": 60, "raa": 0, "url": "http://www2.geog.ucl.ac.uk/~ucfajlg/emulators/spectral/prosail/prosail_035_060_0000.npz"}, {"sza": 35, "vza": 60, "raa": 60, "url": "http://www2.geog.ucl.ac.uk/~ucfajlg/emulators/spectral/prosail/prosail_035_060_0060.npz"}, {"sza": 35, "vza": 60, "raa": 120, "url": "http://www2.geog.ucl.ac.uk/~ucfajlg/emulators/spectral/prosail/prosail_035_060_0120.npz"}, {"sza": 35, "vza": 60, "raa": 180, "url": "http://www2.geog.ucl.ac.uk/~ucfajlg/emulators/spectral/prosail/prosail_035_060_0180.npz"}, {"sza": 40, "vza": 0, "raa": 0, "url": "http://www2.geog.ucl.ac.uk/~ucfajlg/emulators/spectral/prosail/prosail_040_000_0000.npz"}, {"sza": 40, "vza": 0, "raa": 60, "url": "http://www2.geog.ucl.ac.uk/~ucfajlg/emulators/spectral/prosail/prosail_040_000_0060.npz"}, {"sza": 40, "vza": 0, "raa": 120, "url": "http://www2.geog.ucl.ac.uk/~ucfajlg/emulators/spectral/prosail/prosail_040_000_0120.npz"}, {"sza": 40, "vza": 0, "raa": 180, "url": "http://www2.geog.ucl.ac.uk/~ucfajlg/emulators/spectral/prosail/prosail_040_000_0180.npz"}, {"sza": 40, "vza": 5, "raa": 0, "url": "http://www2.geog.ucl.ac.uk/~ucfajlg/emulators/spectral/prosail/prosail_040_005_0000.npz"}, {"sza": 40, "vza": 5, "raa": 60, "url": "http://www2.geog.ucl.ac.uk/~ucfajlg/emulators/spectral/prosail/prosail_040_005_0060.npz"}, {"sza": 40, "vza": 5, "raa": 120, "url": "http://www2.geog.ucl.ac.uk/~ucfajlg/emulators/spectral/prosail/prosail_040_005_0120.npz"}, {"sza": 40, "vza": 5, "raa": 180, "url": "http://www2.geog.ucl.ac.uk/~ucfajlg/emulators/spectral/prosail/prosail_040_005_0180.npz"}, {"sza": 40, "vza": 10, "raa": 0, "url": "http://www2.geog.ucl.ac.uk/~ucfajlg/emulators/spectral/prosail/prosail_040_010_0000.npz"}, {"sza": 40, "vza": 10, "raa": 60, "url": "http://www2.geog.ucl.ac.uk/~ucfajlg/emulators/spectral/prosail/prosail_040_010_0060.npz"}, {"sza": 40, "vza": 10, "raa": 120, "url": "http://www2.geog.ucl.ac.uk/~ucfajlg/emulators/spectral/prosail/prosail_040_010_0120.npz"}, {"sza": 40, "vza": 10, "raa": 180, "url": "http://www2.geog.ucl.ac.uk/~ucfajlg/emulators/spectral/prosail/prosail_040_010_0180.npz"}, {"sza": 40, "vza": 15, "raa": 0, "url": "http://www2.geog.ucl.ac.uk/~ucfajlg/emulators/spectral/prosail/prosail_040_015_0000.npz"}, {"sza": 40, "vza": 15, "raa": 60, "url": "http://www2.geog.ucl.ac.uk/~ucfajlg/emulators/spectral/prosail/prosail_040_015_0060.npz"}, {"sza": 40, "vza": 15, "raa": 120, "url": "http://www2.geog.ucl.ac.uk/~ucfajlg/emulators/spectral/prosail/prosail_040_015_0120.npz"}, {"sza": 40, "vza": 15, "raa": 180, "url": "http://www2.geog.ucl.ac.uk/~ucfajlg/emulators/spectral/prosail/prosail_040_015_0180.npz"}, {"sza": 40, "vza": 20, "raa": 0, "url": "http://www2.geog.ucl.ac.uk/~ucfajlg/emulators/spectral/prosail/prosail_040_020_0000.npz"}, {"sza": 40, "vza": 20, "raa": 60, "url": "http://www2.geog.ucl.ac.uk/~ucfajlg/emulators/spectral/prosail/prosail_040_020_0060.npz"}, {"sza": 40, "vza": 20, "raa": 120, "url": "http://www2.geog.ucl.ac.uk/~ucfajlg/emulators/spectral/prosail/prosail_040_020_0120.npz"}, {"sza": 40, "vza": 20, "raa": 180, "url": "http://www2.geog.ucl.ac.uk/~ucfajlg/emulators/spectral/prosail/prosail_040_020_0180.npz"}, {"sza": 40, "vza": 25, "raa": 0, "url": "http://www2.geog.ucl.ac.uk/~ucfajlg/emulators/spectral/prosail/prosail_040_025_0000.npz"}, {"sza": 40, "vza": 25, "raa": 60, "url": "http://www2.geog.ucl.ac.uk/~ucfajlg/emulators/spectral/prosail/prosail_040_025_0060.npz"}, {"sza": 40, "vza": 25, "raa": 120, "url": "http://www2.geog.ucl.ac.uk/~ucfajlg/emulators/spectral/prosail/prosail_040_025_0120.npz"}, {"sza": 40, "vza": 25, "raa": 180, "url": "http://www2.geog.ucl.ac.uk/~ucfajlg/emulators/spectral/prosail/prosail_040_025_0180.npz"}, {"sza": 40, "vza": 30, "raa": 0, "url": "http://www2.geog.ucl.ac.uk/~ucfajlg/emulators/spectral/prosail/prosail_040_030_0000.npz"}, {"sza": 40, "vza": 30, "raa": 60, "url": "http://www2.geog.ucl.ac.uk/~ucfajlg/emulators/spectral/prosail/prosail_040_030_0060.npz"}, {"sza": 40, "vza": 30, "raa": 120, "url": "http://www2.geog.ucl.ac.uk/~ucfajlg/emulators/spectral/prosail/prosail_040_030_0120.npz"}, {"sza": 40, "vza": 30, "raa": 180, "url": "http://www2.geog.ucl.ac.uk/~ucfajlg/emulators/spectral/prosail/prosail_040_030_0180.npz"}, {"sza": 40, "vza": 35, "raa": 0, "url": "http://www2.geog.ucl.ac.uk/~ucfajlg/emulators/spectral/prosail/prosail_040_035_0000.npz"}, {"sza": 40, "vza": 35, "raa": 60, "url": "http://www2.geog.ucl.ac.uk/~ucfajlg/emulators/spectral/prosail/prosail_040_035_0060.npz"}, {"sza": 40, "vza": 35, "raa": 120, "url": "http://www2.geog.ucl.ac.uk/~ucfajlg/emulators/spectral/prosail/prosail_040_035_0120.npz"}, {"sza": 40, "vza": 35, "raa": 180, "url": "http://www2.geog.ucl.ac.uk/~ucfajlg/emulators/spectral/prosail/prosail_040_035_0180.npz"}, {"sza": 40, "vza": 40, "raa": 0, "url": "http://www2.geog.ucl.ac.uk/~ucfajlg/emulators/spectral/prosail/prosail_040_040_0000.npz"}, {"sza": 40, "vza": 40, "raa": 60, "url": "http://www2.geog.ucl.ac.uk/~ucfajlg/emulators/spectral/prosail/prosail_040_040_0060.npz"}, {"sza": 40, "vza": 40, "raa": 120, "url": "http://www2.geog.ucl.ac.uk/~ucfajlg/emulators/spectral/prosail/prosail_040_040_0120.npz"}, {"sza": 40, "vza": 40, "raa": 180, "url": "http://www2.geog.ucl.ac.uk/~ucfajlg/emulators/spectral/prosail/prosail_040_040_0180.npz"}, {"sza": 40, "vza": 45, "raa": 0, "url": "http://www2.geog.ucl.ac.uk/~ucfajlg/emulators/spectral/prosail/prosail_040_045_0000.npz"}, {"sza": 40, "vza": 45, "raa": 60, "url": "http://www2.geog.ucl.ac.uk/~ucfajlg/emulators/spectral/prosail/prosail_040_045_0060.npz"}, {"sza": 40, "vza": 45, "raa": 120, "url": "http://www2.geog.ucl.ac.uk/~ucfajlg/emulators/spectral/prosail/prosail_040_045_0120.npz"}, {"sza": 40, "vza": 45, "raa": 180, "url": "http://www2.geog.ucl.ac.uk/~ucfajlg/emulators/spectral/prosail/prosail_040_045_0180.npz"}, {"sza": 40, "vza": 50, "raa": 0, "url": "http://www2.geog.ucl.ac.uk/~ucfajlg/emulators/spectral/prosail/prosail_040_050_0000.npz"}, {"sza": 40, "vza": 50, "raa": 60, "url": "http://www2.geog.ucl.ac.uk/~ucfajlg/emulators/spectral/prosail/prosail_040_050_0060.npz"}, {"sza": 40, "vza": 50, "raa": 120, "url": "http://www2.geog.ucl.ac.uk/~ucfajlg/emulators/spectral/prosail/prosail_040_050_0120.npz"}, {"sza": 40, "vza": 50, "raa": 180, "url": "http://www2.geog.ucl.ac.uk/~ucfajlg/emulators/spectral/prosail/prosail_040_050_0180.npz"}, {"sza": 40, "vza": 55, "raa": 0, "url": "http://www2.geog.ucl.ac.uk/~ucfajlg/emulators/spectral/prosail/prosail_040_055_0000.npz"}, {"sza": 40, "vza": 55, "raa": 60, "url": "http://www2.geog.ucl.ac.uk/~ucfajlg/emulators/spectral/prosail/prosail_040_055_0060.npz"}, {"sza": 40, "vza": 55, "raa": 120, "url": "http://www2.geog.ucl.ac.uk/~ucfajlg/emulators/spectral/prosail/prosail_040_055_0120.npz"}, {"sza": 40, "vza": 55, "raa": 180, "url": "http://www2.geog.ucl.ac.uk/~ucfajlg/emulators/spectral/prosail/prosail_040_055_0180.npz"}, {"sza": 40, "vza": 60, "raa": 0, "url": "http://www2.geog.ucl.ac.uk/~ucfajlg/emulators/spectral/prosail/prosail_040_060_0000.npz"}, {"sza": 40, "vza": 60, "raa": 60, "url": "http://www2.geog.ucl.ac.uk/~ucfajlg/emulators/spectral/prosail/prosail_040_060_0060.npz"}, {"sza": 40, "vza": 60, "raa": 120, "url": "http://www2.geog.ucl.ac.uk/~ucfajlg/emulators/spectral/prosail/prosail_040_060_0120.npz"}, {"sza": 40, "vza": 60, "raa": 180, "url": "http://www2.geog.ucl.ac.uk/~ucfajlg/emulators/spectral/prosail/prosail_040_060_0180.npz"}, {"sza": 45, "vza": 0, "raa": 0, "url": "http://www2.geog.ucl.ac.uk/~ucfajlg/emulators/spectral/prosail/prosail_045_000_0000.npz"}, {"sza": 45, "vza": 0, "raa": 60, "url": "http://www2.geog.ucl.ac.uk/~ucfajlg/emulators/spectral/prosail/prosail_045_000_0060.npz"}, {"sza": 45, "vza": 0, "raa": 120, "url": "http://www2.geog.ucl.ac.uk/~ucfajlg/emulators/spectral/prosail/prosail_045_000_0120.npz"}, {"sza": 45, "vza": 0, "raa": 180, "url": "http://www2.geog.ucl.ac.uk/~ucfajlg/emulators/spectral/prosail/prosail_045_000_0180.npz"}, {"sza": 45, "vza": 5, "raa": 0, "url": "http://www2.geog.ucl.ac.uk/~ucfajlg/emulators/spectral/prosail/prosail_045_005_0000.npz"}, {"sza": 45, "vza": 5, "raa": 60, "url": "http://www2.geog.ucl.ac.uk/~ucfajlg/emulators/spectral/prosail/prosail_045_005_0060.npz"}, {"sza": 45, "vza": 5, "raa": 120, "url": "http://www2.geog.ucl.ac.uk/~ucfajlg/emulators/spectral/prosail/prosail_045_005_0120.npz"}, {"sza": 45, "vza": 5, "raa": 180, "url": "http://www2.geog.ucl.ac.uk/~ucfajlg/emulators/spectral/prosail/prosail_045_005_0180.npz"}, {"sza": 45, "vza": 10, "raa": 0, "url": "http://www2.geog.ucl.ac.uk/~ucfajlg/emulators/spectral/prosail/prosail_045_010_0000.npz"}, {"sza": 45, "vza": 10, "raa": 60, "url": "http://www2.geog.ucl.ac.uk/~ucfajlg/emulators/spectral/prosail/prosail_045_010_0060.npz"}, {"sza": 45, "vza": 10, "raa": 120, "url": "http://www2.geog.ucl.ac.uk/~ucfajlg/emulators/spectral/prosail/prosail_045_010_0120.npz"}, {"sza": 45, "vza": 10, "raa": 180, "url": "http://www2.geog.ucl.ac.uk/~ucfajlg/emulators/spectral/prosail/prosail_045_010_0180.npz"}, {"sza": 45, "vza": 15, "raa": 0, "url": "http://www2.geog.ucl.ac.uk/~ucfajlg/emulators/spectral/prosail/prosail_045_015_0000.npz"}, {"sza": 45, "vza": 15, "raa": 60, "url": "http://www2.geog.ucl.ac.uk/~ucfajlg/emulators/spectral/prosail/prosail_045_015_0060.npz"}, {"sza": 45, "vza": 15, "raa": 120, "url": "http://www2.geog.ucl.ac.uk/~ucfajlg/emulators/spectral/prosail/prosail_045_015_0120.npz"}, {"sza": 45, "vza": 15, "raa": 180, "url": "http://www2.geog.ucl.ac.uk/~ucfajlg/emulators/spectral/prosail/prosail_045_015_0180.npz"}, {"sza": 45, "vza": 20, "raa": 0, "url": "http://www2.geog.ucl.ac.uk/~ucfajlg/emulators/spectral/prosail/prosail_045_020_0000.npz"}, {"sza": 45, "vza": 20, "raa": 60, "url": "http://www2.geog.ucl.ac.uk/~ucfajlg/emulators/spectral/prosail/prosail_045_020_0060.npz"}, {"sza": 45, "vza": 20, "raa": 120, "url": "http://www2.geog.ucl.ac.uk/~ucfajlg/emulators/spectral/prosail/prosail_045_020_0120.npz"}, {"sza": 45, "vza": 20, "raa": 180, "url": "http://www2.geog.ucl.ac.uk/~ucfajlg/emulators/spectral/prosail/prosail_045_020_0180.npz"}, {"sza": 45, "vza": 25, "raa": 0, "url": "http://www2.geog.ucl.ac.uk/~ucfajlg/emulators/spectral/prosail/prosail_045_025_0000.npz"}, {"sza": 45, "vza": 25, "raa": 60, "url": "http://www2.geog.ucl.ac.uk/~ucfajlg/emulators/spectral/prosail/prosail_045_025_0060.npz"}, {"sza": 45, "vza": 25, "raa": 120, "url": "http://www2.geog.ucl.ac.uk/~ucfajlg/emulators/spectral/prosail/prosail_045_025_0120.npz"}, {"sza": 45, "vza": 25, "raa": 180, "url": "http://www2.geog.ucl.ac.uk/~ucfajlg/emulators/spectral/prosail/prosail_045_025_0180.npz"}, {"sza": 45, "vza": 30, "raa": 0, "url": "http://www2.geog.ucl.ac.uk/~ucfajlg/emulators/spectral/prosail/prosail_045_030_0000.npz"}, {"sza": 45, "vza": 30, "raa": 60, "url": "http://www2.geog.ucl.ac.uk/~ucfajlg/emulators/spectral/prosail/prosail_045_030_0060.npz"}, {"sza": 45, "vza": 30, "raa": 120, "url": "http://www2.geog.ucl.ac.uk/~ucfajlg/emulators/spectral/prosail/prosail_045_030_0120.npz"}, {"sza": 45, "vza": 30, "raa": 180, "url": "http://www2.geog.ucl.ac.uk/~ucfajlg/emulators/spectral/prosail/prosail_045_030_0180.npz"}, {"sza": 45, "vza": 35, "raa": 0, "url": "http://www2.geog.ucl.ac.uk/~ucfajlg/emulators/spectral/prosail/prosail_045_035_0000.npz"}, {"sza": 45, "vza": 35, "raa": 60, "url": "http://www2.geog.ucl.ac.uk/~ucfajlg/emulators/spectral/prosail/prosail_045_035_0060.npz"}, {"sza": 45, "vza": 35, "raa": 120, "url": "http://www2.geog.ucl.ac.uk/~ucfajlg/emulators/spectral/prosail/prosail_045_035_0120.npz"}, {"sza": 45, "vza": 35, "raa": 180, "url": "http://www2.geog.ucl.ac.uk/~ucfajlg/emulators/spectral/prosail/prosail_045_035_0180.npz"}, {"sza": 45, "vza": 40, "raa": 0, "url": "http://www2.geog.ucl.ac.uk/~ucfajlg/emulators/spectral/prosail/prosail_045_040_0000.npz"}, {"sza": 45, "vza": 40, "raa": 60, "url": "http://www2.geog.ucl.ac.uk/~ucfajlg/emulators/spectral/prosail/prosail_045_040_0060.npz"}, {"sza": 45, "vza": 40, "raa": 120, "url": "http://www2.geog.ucl.ac.uk/~ucfajlg/emulators/spectral/prosail/prosail_045_040_0120.npz"}, {"sza": 45, "vza": 40, "raa": 180, "url": "http://www2.geog.ucl.ac.uk/~ucfajlg/emulators/spectral/prosail/prosail_045_040_0180.npz"}, {"sza": 45, "vza": 45, "raa": 0, "url": "http://www2.geog.ucl.ac.uk/~ucfajlg/emulators/spectral/prosail/prosail_045_045_0000.npz"}, {"sza": 45, "vza": 45, "raa": 60, "url": "http://www2.geog.ucl.ac.uk/~ucfajlg/emulators/spectral/prosail/prosail_045_045_0060.npz"}, {"sza": 45, "vza": 45, "raa": 120, "url": "http://www2.geog.ucl.ac.uk/~ucfajlg/emulators/spectral/prosail/prosail_045_045_0120.npz"}, {"sza": 45, "vza": 45, "raa": 180, "url": "http://www2.geog.ucl.ac.uk/~ucfajlg/emulators/spectral/prosail/prosail_045_045_0180.npz"}, {"sza": 45, "vza": 50, "raa": 0, "url": "http://www2.geog.ucl.ac.uk/~ucfajlg/emulators/spectral/prosail/prosail_045_050_0000.npz"}, {"sza": 45, "vza": 50, "raa": 60, "url": "http://www2.geog.ucl.ac.uk/~ucfajlg/emulators/spectral/prosail/prosail_045_050_0060.npz"}, {"sza": 45, "vza": 50, "raa": 120, "url": "http://www2.geog.ucl.ac.uk/~ucfajlg/emulators/spectral/prosail/prosail_045_050_0120.npz"}, {"sza": 45, "vza": 50, "raa": 180, "url": "http://www2.geog.ucl.ac.uk/~ucfajlg/emulators/spectral/prosail/prosail_045_050_0180.npz"}, {"sza": 45, "vza": 55, "raa": 0, "url": "http://www2.geog.ucl.ac.uk/~ucfajlg/emulators/spectral/prosail/prosail_045_055_0000.npz"}, {"sza": 45, "vza": 55, "raa": 60, "url": "http://www2.geog.ucl.ac.uk/~ucfajlg/emulators/spectral/prosail/prosail_045_055_0060.npz"}, {"sza": 45, "vza": 55, "raa": 120, "url": "http://www2.geog.ucl.ac.uk/~ucfajlg/emulators/spectral/prosail/prosail_045_055_0120.npz"}, {"sza": 45, "vza": 55, "raa": 180, "url": "http://www2.geog.ucl.ac.uk/~ucfajlg/emulators/spectral/prosail/prosail_045_055_0180.npz"}, {"sza": 45, "vza": 60, "raa": 0, "url": "http://www2.geog.ucl.ac.uk/~ucfajlg/emulators/spectral/prosail/prosail_045_060_0000.npz"}, {"sza": 45, "vza": 60, "raa": 60, "url": "http://www2.geog.ucl.ac.uk/~ucfajlg/emulators/spectral/prosail/prosail_045_060_0060.npz"}, {"sza": 45, "vza": 60, "raa": 120, "url": "http://www2.geog.ucl.ac.uk/~ucfajlg/emulators/spectral/prosail/prosail_045_060_0120.npz"}, {"sza": 45, "vza": 60, "raa": 180, "url": "http://www2.geog.ucl.ac.uk/~ucfajlg/emulators/spectral/prosail/prosail_045_060_0180.npz"}, {"sza": 50, "vza": 0, "raa": 0, "url": "http://www2.geog.ucl.ac.uk/~ucfajlg/emulators/spectral/prosail/prosail_050_000_0000.npz"}, {"sza": 50, "vza": 0, "raa": 60, "url": "http://www2.geog.ucl.ac.uk/~ucfajlg/emulators/spectral/prosail/prosail_050_000_0060.npz"}, {"sza": 50, "vza": 0, "raa": 120, "url": "http://www2.geog.ucl.ac.uk/~ucfajlg/emulators/spectral/prosail/prosail_050_000_0120.npz"}, {"sza": 50, "vza": 0, "raa": 180, "url": "http://www2.geog.ucl.ac.uk/~ucfajlg/emulators/spectral/prosail/prosail_050_000_0180.npz"}, {"sza": 50, "vza": 5, "raa": 0, "url": "http://www2.geog.ucl.ac.uk/~ucfajlg/emulators/spectral/prosail/prosail_050_005_0000.npz"}, {"sza": 50, "vza": 5, "raa": 60, "url": "http://www2.geog.ucl.ac.uk/~ucfajlg/emulators/spectral/prosail/prosail_050_005_0060.npz"}, {"sza": 50, "vza": 5, "raa": 120, "url": "http://www2.geog.ucl.ac.uk/~ucfajlg/emulators/spectral/prosail/prosail_050_005_0120.npz"}, {"sza": 50, "vza": 5, "raa": 180, "url": "http://www2.geog.ucl.ac.uk/~ucfajlg/emulators/spectral/prosail/prosail_050_005_0180.npz"}, {"sza": 50, "vza": 10, "raa": 0, "url": "http://www2.geog.ucl.ac.uk/~ucfajlg/emulators/spectral/prosail/prosail_050_010_0000.npz"}, {"sza": 50, "vza": 10, "raa": 60, "url": "http://www2.geog.ucl.ac.uk/~ucfajlg/emulators/spectral/prosail/prosail_050_010_0060.npz"}, {"sza": 50, "vza": 10, "raa": 120, "url": "http://www2.geog.ucl.ac.uk/~ucfajlg/emulators/spectral/prosail/prosail_050_010_0120.npz"}, {"sza": 50, "vza": 10, "raa": 180, "url": "http://www2.geog.ucl.ac.uk/~ucfajlg/emulators/spectral/prosail/prosail_050_010_0180.npz"}, {"sza": 50, "vza": 15, "raa": 0, "url": "http://www2.geog.ucl.ac.uk/~ucfajlg/emulators/spectral/prosail/prosail_050_015_0000.npz"}, {"sza": 50, "vza": 15, "raa": 60, "url": "http://www2.geog.ucl.ac.uk/~ucfajlg/emulators/spectral/prosail/prosail_050_015_0060.npz"}, {"sza": 50, "vza": 15, "raa": 120, "url": "http://www2.geog.ucl.ac.uk/~ucfajlg/emulators/spectral/prosail/prosail_050_015_0120.npz"}, {"sza": 50, "vza": 15, "raa": 180, "url": "http://www2.geog.ucl.ac.uk/~ucfajlg/emulators/spectral/prosail/prosail_050_015_0180.npz"}, {"sza": 50, "vza": 20, "raa": 0, "url": "http://www2.geog.ucl.ac.uk/~ucfajlg/emulators/spectral/prosail/prosail_050_020_0000.npz"}, {"sza": 50, "vza": 20, "raa": 60, "url": "http://www2.geog.ucl.ac.uk/~ucfajlg/emulators/spectral/prosail/prosail_050_020_0060.npz"}, {"sza": 50, "vza": 20, "raa": 120, "url": "http://www2.geog.ucl.ac.uk/~ucfajlg/emulators/spectral/prosail/prosail_050_020_0120.npz"}, {"sza": 50, "vza": 20, "raa": 180, "url": "http://www2.geog.ucl.ac.uk/~ucfajlg/emulators/spectral/prosail/prosail_050_020_0180.npz"}, {"sza": 50, "vza": 25, "raa": 0, "url": "http://www2.geog.ucl.ac.uk/~ucfajlg/emulators/spectral/prosail/prosail_050_025_0000.npz"}, {"sza": 50, "vza": 25, "raa": 60, "url": "http://www2.geog.ucl.ac.uk/~ucfajlg/emulators/spectral/prosail/prosail_050_025_0060.npz"}, {"sza": 50, "vza": 25, "raa": 120, "url": "http://www2.geog.ucl.ac.uk/~ucfajlg/emulators/spectral/prosail/prosail_050_025_0120.npz"}, {"sza": 50, "vza": 25, "raa": 180, "url": "http://www2.geog.ucl.ac.uk/~ucfajlg/emulators/spectral/prosail/prosail_050_025_0180.npz"}, {"sza": 50, "vza": 30, "raa": 0, "url": "http://www2.geog.ucl.ac.uk/~ucfajlg/emulators/spectral/prosail/prosail_050_030_0000.npz"}, {"sza": 50, "vza": 30, "raa": 60, "url": "http://www2.geog.ucl.ac.uk/~ucfajlg/emulators/spectral/prosail/prosail_050_030_0060.npz"}, {"sza": 50, "vza": 30, "raa": 120, "url": "http://www2.geog.ucl.ac.uk/~ucfajlg/emulators/spectral/prosail/prosail_050_030_0120.npz"}, {"sza": 50, "vza": 30, "raa": 180, "url": "http://www2.geog.ucl.ac.uk/~ucfajlg/emulators/spectral/prosail/prosail_050_030_0180.npz"}, {"sza": 50, "vza": 35, "raa": 0, "url": "http://www2.geog.ucl.ac.uk/~ucfajlg/emulators/spectral/prosail/prosail_050_035_0000.npz"}, {"sza": 50, "vza": 35, "raa": 60, "url": "http://www2.geog.ucl.ac.uk/~ucfajlg/emulators/spectral/prosail/prosail_050_035_0060.npz"}, {"sza": 50, "vza": 35, "raa": 120, "url": "http://www2.geog.ucl.ac.uk/~ucfajlg/emulators/spectral/prosail/prosail_050_035_0120.npz"}, {"sza": 50, "vza": 35, "raa": 180, "url": "http://www2.geog.ucl.ac.uk/~ucfajlg/emulators/spectral/prosail/prosail_050_035_0180.npz"}, {"sza": 50, "vza": 40, "raa": 0, "url": "http://www2.geog.ucl.ac.uk/~ucfajlg/emulators/spectral/prosail/prosail_050_040_0000.npz"}, {"sza": 50, "vza": 40, "raa": 60, "url": "http://www2.geog.ucl.ac.uk/~ucfajlg/emulators/spectral/prosail/prosail_050_040_0060.npz"}, {"sza": 50, "vza": 40, "raa": 120, "url": "http://www2.geog.ucl.ac.uk/~ucfajlg/emulators/spectral/prosail/prosail_050_040_0120.npz"}, {"sza": 50, "vza": 40, "raa": 180, "url": "http://www2.geog.ucl.ac.uk/~ucfajlg/emulators/spectral/prosail/prosail_050_040_0180.npz"}, {"sza": 50, "vza": 45, "raa": 0, "url": "http://www2.geog.ucl.ac.uk/~ucfajlg/emulators/spectral/prosail/prosail_050_045_0000.npz"}, {"sza": 50, "vza": 45, "raa": 60, "url": "http://www2.geog.ucl.ac.uk/~ucfajlg/emulators/spectral/prosail/prosail_050_045_0060.npz"}, {"sza": 50, "vza": 45, "raa": 120, "url": "http://www2.geog.ucl.ac.uk/~ucfajlg/emulators/spectral/prosail/prosail_050_045_0120.npz"}, {"sza": 50, "vza": 45, "raa": 180, "url": "http://www2.geog.ucl.ac.uk/~ucfajlg/emulators/spectral/prosail/prosail_050_045_0180.npz"}, {"sza": 50, "vza": 50, "raa": 0, "url": "http://www2.geog.ucl.ac.uk/~ucfajlg/emulators/spectral/prosail/prosail_050_050_0000.npz"}, {"sza": 50, "vza": 50, "raa": 60, "url": "http://www2.geog.ucl.ac.uk/~ucfajlg/emulators/spectral/prosail/prosail_050_050_0060.npz"}, {"sza": 50, "vza": 50, "raa": 120, "url": "http://www2.geog.ucl.ac.uk/~ucfajlg/emulators/spectral/prosail/prosail_050_050_0120.npz"}, {"sza": 50, "vza": 50, "raa": 180, "url": "http://www2.geog.ucl.ac.uk/~ucfajlg/emulators/spectral/prosail/prosail_050_050_0180.npz"}, {"sza": 50, "vza": 55, "raa": 0, "url": "http://www2.geog.ucl.ac.uk/~ucfajlg/emulators/spectral/prosail/prosail_050_055_0000.npz"}, {"sza": 50, "vza": 55, "raa": 60, "url": "http://www2.geog.ucl.ac.uk/~ucfajlg/emulators/spectral/prosail/prosail_050_055_0060.npz"}, {"sza": 50, "vza": 55, "raa": 120, "url": "http://www2.geog.ucl.ac.uk/~ucfajlg/emulators/spectral/prosail/prosail_050_055_0120.npz"}, {"sza": 50, "vza": 55, "raa": 180, "url": "http://www2.geog.ucl.ac.uk/~ucfajlg/emulators/spectral/prosail/prosail_050_055_0180.npz"}, {"sza": 50, "vza": 60, "raa": 0, "url": "http://www2.geog.ucl.ac.uk/~ucfajlg/emulators/spectral/prosail/prosail_050_060_0000.npz"}, {"sza": 50, "vza": 60, "raa": 60, "url": "http://www2.geog.ucl.ac.uk/~ucfajlg/emulators/spectral/prosail/prosail_050_060_0060.npz"}, {"sza": 50, "vza": 60, "raa": 120, "url": "http://www2.geog.ucl.ac.uk/~ucfajlg/emulators/spectral/prosail/prosail_050_060_0120.npz"}, {"sza": 50, "vza": 60, "raa": 180, "url": "http://www2.geog.ucl.ac.uk/~ucfajlg/emulators/spectral/prosail/prosail_050_060_0180.npz"}, {"sza": 55, "vza": 0, "raa": 0, "url": "http://www2.geog.ucl.ac.uk/~ucfajlg/emulators/spectral/prosail/prosail_055_000_0000.npz"}, {"sza": 55, "vza": 0, "raa": 60, "url": "http://www2.geog.ucl.ac.uk/~ucfajlg/emulators/spectral/prosail/prosail_055_000_0060.npz"}, {"sza": 55, "vza": 0, "raa": 120, "url": "http://www2.geog.ucl.ac.uk/~ucfajlg/emulators/spectral/prosail/prosail_055_000_0120.npz"}, {"sza": 55, "vza": 0, "raa": 180, "url": "http://www2.geog.ucl.ac.uk/~ucfajlg/emulators/spectral/prosail/prosail_055_000_0180.npz"}, {"sza": 55, "vza": 5, "raa": 0, "url": "http://www2.geog.ucl.ac.uk/~ucfajlg/emulators/spectral/prosail/prosail_055_005_0000.npz"}, {"sza": 55, "vza": 5, "raa": 60, "url": "http://www2.geog.ucl.ac.uk/~ucfajlg/emulators/spectral/prosail/prosail_055_005_0060.npz"}, {"sza": 55, "vza": 5, "raa": 120, "url": "http://www2.geog.ucl.ac.uk/~ucfajlg/emulators/spectral/prosail/prosail_055_005_0120.npz"}, {"sza": 55, "vza": 5, "raa": 180, "url": "http://www2.geog.ucl.ac.uk/~ucfajlg/emulators/spectral/prosail/prosail_055_005_0180.npz"}, {"sza": 55, "vza": 10, "raa": 0, "url": "http://www2.geog.ucl.ac.uk/~ucfajlg/emulators/spectral/prosail/prosail_055_010_0000.npz"}, {"sza": 55, "vza": 10, "raa": 60, "url": "http://www2.geog.ucl.ac.uk/~ucfajlg/emulators/spectral/prosail/prosail_055_010_0060.npz"}, {"sza": 55, "vza": 10, "raa": 120, "url": "http://www2.geog.ucl.ac.uk/~ucfajlg/emulators/spectral/prosail/prosail_055_010_0120.npz"}, {"sza": 55, "vza": 10, "raa": 180, "url": "http://www2.geog.ucl.ac.uk/~ucfajlg/emulators/spectral/prosail/prosail_055_010_0180.npz"}, {"sza": 55, "vza": 15, "raa": 0, "url": "http://www2.geog.ucl.ac.uk/~ucfajlg/emulators/spectral/prosail/prosail_055_015_0000.npz"}, {"sza": 55, "vza": 15, "raa": 60, "url": "http://www2.geog.ucl.ac.uk/~ucfajlg/emulators/spectral/prosail/prosail_055_015_0060.npz"}, {"sza": 55, "vza": 15, "raa": 120, "url": "http://www2.geog.ucl.ac.uk/~ucfajlg/emulators/spectral/prosail/prosail_055_015_0120.npz"}, {"sza": 55, "vza": 15, "raa": 180, "url": "http://www2.geog.ucl.ac.uk/~ucfajlg/emulators/spectral/prosail/prosail_055_015_0180.npz"}, {"sza": 55, "vza": 20, "raa": 0, "url": "http://www2.geog.ucl.ac.uk/~ucfajlg/emulators/spectral/prosail/prosail_055_020_0000.npz"}, {"sza": 55, "vza": 20, "raa": 60, "url": "http://www2.geog.ucl.ac.uk/~ucfajlg/emulators/spectral/prosail/prosail_055_020_0060.npz"}, {"sza": 55, "vza": 20, "raa": 120, "url": "http://www2.geog.ucl.ac.uk/~ucfajlg/emulators/spectral/prosail/prosail_055_020_0120.npz"}, {"sza": 55, "vza": 20, "raa": 180, "url": "http://www2.geog.ucl.ac.uk/~ucfajlg/emulators/spectral/prosail/prosail_055_020_0180.npz"}, {"sza": 55, "vza": 25, "raa": 0, "url": "http://www2.geog.ucl.ac.uk/~ucfajlg/emulators/spectral/prosail/prosail_055_025_0000.npz"}, {"sza": 55, "vza": 25, "raa": 60, "url": "http://www2.geog.ucl.ac.uk/~ucfajlg/emulators/spectral/prosail/prosail_055_025_0060.npz"}, {"sza": 55, "vza": 25, "raa": 120, "url": "http://www2.geog.ucl.ac.uk/~ucfajlg/emulators/spectral/prosail/prosail_055_025_0120.npz"}, {"sza": 55, "vza": 25, "raa": 180, "url": "http://www2.geog.ucl.ac.uk/~ucfajlg/emulators/spectral/prosail/prosail_055_025_0180.npz"}, {"sza": 55, "vza": 30, "raa": 0, "url": "http://www2.geog.ucl.ac.uk/~ucfajlg/emulators/spectral/prosail/prosail_055_030_0000.npz"}, {"sza": 55, "vza": 30, "raa": 60, "url": "http://www2.geog.ucl.ac.uk/~ucfajlg/emulators/spectral/prosail/prosail_055_030_0060.npz"}, {"sza": 55, "vza": 30, "raa": 120, "url": "http://www2.geog.ucl.ac.uk/~ucfajlg/emulators/spectral/prosail/prosail_055_030_0120.npz"}, {"sza": 55, "vza": 30, "raa": 180, "url": "http://www2.geog.ucl.ac.uk/~ucfajlg/emulators/spectral/prosail/prosail_055_030_0180.npz"}, {"sza": 55, "vza": 35, "raa": 0, "url": "http://www2.geog.ucl.ac.uk/~ucfajlg/emulators/spectral/prosail/prosail_055_035_0000.npz"}, {"sza": 55, "vza": 35, "raa": 60, "url": "http://www2.geog.ucl.ac.uk/~ucfajlg/emulators/spectral/prosail/prosail_055_035_0060.npz"}, {"sza": 55, "vza": 35, "raa": 120, "url": "http://www2.geog.ucl.ac.uk/~ucfajlg/emulators/spectral/prosail/prosail_055_035_0120.npz"}, {"sza": 55, "vza": 35, "raa": 180, "url": "http://www2.geog.ucl.ac.uk/~ucfajlg/emulators/spectral/prosail/prosail_055_035_0180.npz"}, {"sza": 55, "vza": 40, "raa": 0, "url": "http://www2.geog.ucl.ac.uk/~ucfajlg/emulators/spectral/prosail/prosail_055_040_0000.npz"}, {"sza": 55, "vza": 40, "raa": 60, "url": "http://www2.geog.ucl.ac.uk/~ucfajlg/emulators/spectral/prosail/prosail_055_040_0060.npz"}, {"sza": 55, "vza": 40, "raa": 120, "url": "http://www2.geog.ucl.ac.uk/~ucfajlg/emulators/spectral/prosail/prosail_055_040_0120.npz"}, {"sza": 55, "vza": 40, "raa": 180, "url": "http://www2.geog.ucl.ac.uk/~ucfajlg/emulators/spectral/prosail/prosail_055_040_0180.npz"}, {"sza": 55, "vza": 45, "raa": 0, "url": "http://www2.geog.ucl.ac.uk/~ucfajlg/emulators/spectral/prosail/prosail_055_045_0000.npz"}, {"sza": 55, "vza": 45, "raa": 60, "url": "http://www2.geog.ucl.ac.uk/~ucfajlg/emulators/spectral/prosail/prosail_055_045_0060.npz"}, {"sza": 55, "vza": 45, "raa": 120, "url": "http://www2.geog.ucl.ac.uk/~ucfajlg/emulators/spectral/prosail/prosail_055_045_0120.npz"}, {"sza": 55, "vza": 45, "raa": 180, "url": "http://www2.geog.ucl.ac.uk/~ucfajlg/emulators/spectral/prosail/prosail_055_045_0180.npz"}, {"sza": 55, "vza": 50, "raa": 0, "url": "http://www2.geog.ucl.ac.uk/~ucfajlg/emulators/spectral/prosail/prosail_055_050_0000.npz"}, {"sza": 55, "vza": 50, "raa": 60, "url": "http://www2.geog.ucl.ac.uk/~ucfajlg/emulators/spectral/prosail/prosail_055_050_0060.npz"}, {"sza": 55, "vza": 50, "raa": 120, "url": "http://www2.geog.ucl.ac.uk/~ucfajlg/emulators/spectral/prosail/prosail_055_050_0120.npz"}, {"sza": 55, "vza": 50, "raa": 180, "url": "http://www2.geog.ucl.ac.uk/~ucfajlg/emulators/spectral/prosail/prosail_055_050_0180.npz"}, {"sza": 55, "vza": 55, "raa": 0, "url": "http://www2.geog.ucl.ac.uk/~ucfajlg/emulators/spectral/prosail/prosail_055_055_0000.npz"}, {"sza": 55, "vza": 55, "raa": 60, "url": "http://www2.geog.ucl.ac.uk/~ucfajlg/emulators/spectral/prosail/prosail_055_055_0060.npz"}, {"sza": 55, "vza": 55, "raa": 120, "url": "http://www2.geog.ucl.ac.uk/~ucfajlg/emulators/spectral/prosail/prosail_055_055_0120.npz"}, {"sza": 55, "vza": 55, "raa": 180, "url": "http://www2.geog.ucl.ac.uk/~ucfajlg/emulators/spectral/prosail/prosail_055_055_0180.npz"}, {"sza": 55, "vza": 60, "raa": 0, "url": "http://www2.geog.ucl.ac.uk/~ucfajlg/emulators/spectral/prosail/prosail_055_060_0000.npz"}, {"sza": 55, "vza": 60, "raa": 60, "url": "http://www2.geog.ucl.ac.uk/~ucfajlg/emulators/spectral/prosail/prosail_055_060_0060.npz"}, {"sza": 55, "vza": 60, "raa": 120, "url": "http://www2.geog.ucl.ac.uk/~ucfajlg/emulators/spectral/prosail/prosail_055_060_0120.npz"}, {"sza": 55, "vza": 60, "raa": 180, "url": "http://www2.geog.ucl.ac.uk/~ucfajlg/emulators/spectral/prosail/prosail_055_060_0180.npz"}, {"sza": 60, "vza": 0, "raa": 0, "url": "http://www2.geog.ucl.ac.uk/~ucfajlg/emulators/spectral/prosail/prosail_060_000_0000.npz"}, {"sza": 60, "vza": 0, "raa": 60, "url": "http://www2.geog.ucl.ac.uk/~ucfajlg/emulators/spectral/prosail/prosail_060_000_0060.npz"}, {"sza": 60, "vza": 0, "raa": 120, "url": "http://www2.geog.ucl.ac.uk/~ucfajlg/emulators/spectral/prosail/prosail_060_000_0120.npz"}, {"sza": 60, "vza": 0, "raa": 180, "url": "http://www2.geog.ucl.ac.uk/~ucfajlg/emulators/spectral/prosail/prosail_060_000_0180.npz"}, {"sza": 60, "vza": 5, "raa": 0, "url": "http://www2.geog.ucl.ac.uk/~ucfajlg/emulators/spectral/prosail/prosail_060_005_0000.npz"}, {"sza": 60, "vza": 5, "raa": 60, "url": "http://www2.geog.ucl.ac.uk/~ucfajlg/emulators/spectral/prosail/prosail_060_005_0060.npz"}, {"sza": 60, "vza": 5, "raa": 120, "url": "http://www2.geog.ucl.ac.uk/~ucfajlg/emulators/spectral/prosail/prosail_060_005_0120.npz"}, {"sza": 60, "vza": 5, "raa": 180, "url": "http://www2.geog.ucl.ac.uk/~ucfajlg/emulators/spectral/prosail/prosail_060_005_0180.npz"}, {"sza": 60, "vza": 10, "raa": 0, "url": "http://www2.geog.ucl.ac.uk/~ucfajlg/emulators/spectral/prosail/prosail_060_010_0000.npz"}, {"sza": 60, "vza": 10, "raa": 60, "url": "http://www2.geog.ucl.ac.uk/~ucfajlg/emulators/spectral/prosail/prosail_060_010_0060.npz"}, {"sza": 60, "vza": 10, "raa": 120, "url": "http://www2.geog.ucl.ac.uk/~ucfajlg/emulators/spectral/prosail/prosail_060_010_0120.npz"}, {"sza": 60, "vza": 10, "raa": 180, "url": "http://www2.geog.ucl.ac.uk/~ucfajlg/emulators/spectral/prosail/prosail_060_010_0180.npz"}, {"sza": 60, "vza": 15, "raa": 0, "url": "http://www2.geog.ucl.ac.uk/~ucfajlg/emulators/spectral/prosail/prosail_060_015_0000.npz"}, {"sza": 60, "vza": 15, "raa": 60, "url": "http://www2.geog.ucl.ac.uk/~ucfajlg/emulators/spectral/prosail/prosail_060_015_0060.npz"}, {"sza": 60, "vza": 15, "raa": 120, "url": "http://www2.geog.ucl.ac.uk/~ucfajlg/emulators/spectral/prosail/prosail_060_015_0120.npz"}, {"sza": 60, "vza": 15, "raa": 180, "url": "http://www2.geog.ucl.ac.uk/~ucfajlg/emulators/spectral/prosail/prosail_060_015_0180.npz"}, {"sza": 60, "vza": 20, "raa": 0, "url": "http://www2.geog.ucl.ac.uk/~ucfajlg/emulators/spectral/prosail/prosail_060_020_0000.npz"}, {"sza": 60, "vza": 20, "raa": 60, "url": "http://www2.geog.ucl.ac.uk/~ucfajlg/emulators/spectral/prosail/prosail_060_020_0060.npz"}, {"sza": 60, "vza": 20, "raa": 120, "url": "http://www2.geog.ucl.ac.uk/~ucfajlg/emulators/spectral/prosail/prosail_060_020_0120.npz"}, {"sza": 60, "vza": 20, "raa": 180, "url": "http://www2.geog.ucl.ac.uk/~ucfajlg/emulators/spectral/prosail/prosail_060_020_0180.npz"}, {"sza": 60, "vza": 25, "raa": 0, "url": "http://www2.geog.ucl.ac.uk/~ucfajlg/emulators/spectral/prosail/prosail_060_025_0000.npz"}, {"sza": 60, "vza": 25, "raa": 60, "url": "http://www2.geog.ucl.ac.uk/~ucfajlg/emulators/spectral/prosail/prosail_060_025_0060.npz"}, {"sza": 60, "vza": 25, "raa": 120, "url": "http://www2.geog.ucl.ac.uk/~ucfajlg/emulators/spectral/prosail/prosail_060_025_0120.npz"}, {"sza": 60, "vza": 25, "raa": 180, "url": "http://www2.geog.ucl.ac.uk/~ucfajlg/emulators/spectral/prosail/prosail_060_025_0180.npz"}, {"sza": 60, "vza": 30, "raa": 0, "url": "http://www2.geog.ucl.ac.uk/~ucfajlg/emulators/spectral/prosail/prosail_060_030_0000.npz"}, {"sza": 60, "vza": 30, "raa": 60, "url": "http://www2.geog.ucl.ac.uk/~ucfajlg/emulators/spectral/prosail/prosail_060_030_0060.npz"}, {"sza": 60, "vza": 30, "raa": 120, "url": "http://www2.geog.ucl.ac.uk/~ucfajlg/emulators/spectral/prosail/prosail_060_030_0120.npz"}, {"sza": 60, "vza": 30, "raa": 180, "url": "http://www2.geog.ucl.ac.uk/~ucfajlg/emulators/spectral/prosail/prosail_060_030_0180.npz"}, {"sza": 60, "vza": 35, "raa": 0, "url": "http://www2.geog.ucl.ac.uk/~ucfajlg/emulators/spectral/prosail/prosail_060_035_0000.npz"}, {"sza": 60, "vza": 35, "raa": 60, "url": "http://www2.geog.ucl.ac.uk/~ucfajlg/emulators/spectral/prosail/prosail_060_035_0060.npz"}, {"sza": 60, "vza": 35, "raa": 120, "url": "http://www2.geog.ucl.ac.uk/~ucfajlg/emulators/spectral/prosail/prosail_060_035_0120.npz"}, {"sza": 60, "vza": 35, "raa": 180, "url": "http://www2.geog.ucl.ac.uk/~ucfajlg/emulators/spectral/prosail/prosail_060_035_0180.npz"}, {"sza": 60, "vza": 40, "raa": 0, "url": "http://www2.geog.ucl.ac.uk/~ucfajlg/emulators/spectral/prosail/prosail_060_040_0000.npz"}, {"sza": 60, "vza": 40, "raa": 60, "url": "http://www2.geog.ucl.ac.uk/~ucfajlg/emulators/spectral/prosail/prosail_060_040_0060.npz"}, {"sza": 60, "vza": 40, "raa": 120, "url": "http://www2.geog.ucl.ac.uk/~ucfajlg/emulators/spectral/prosail/prosail_060_040_0120.npz"}, {"sza": 60, "vza": 40, "raa": 180, "url": "http://www2.geog.ucl.ac.uk/~ucfajlg/emulators/spectral/prosail/prosail_060_040_0180.npz"}, {"sza": 60, "vza": 45, "raa": 0, "url": "http://www2.geog.ucl.ac.uk/~ucfajlg/emulators/spectral/prosail/prosail_060_045_0000.npz"}, {"sza": 60, "vza": 45, "raa": 60, "url": "http://www2.geog.ucl.ac.uk/~ucfajlg/emulators/spectral/prosail/prosail_060_045_0060.npz"}, {"sza": 60, "vza": 45, "raa": 120, "url": "http://www2.geog.ucl.ac.uk/~ucfajlg/emulators/spectral/prosail/prosail_060_045_0120.npz"}, {"sza": 60, "vza": 45, "raa": 180, "url": "http://www2.geog.ucl.ac.uk/~ucfajlg/emulators/spectral/prosail/prosail_060_045_0180.npz"}, {"sza": 60, "vza": 50, "raa": 0, "url": "http://www2.geog.ucl.ac.uk/~ucfajlg/emulators/spectral/prosail/prosail_060_050_0000.npz"}, {"sza": 60, "vza": 50, "raa": 60, "url": "http://www2.geog.ucl.ac.uk/~ucfajlg/emulators/spectral/prosail/prosail_060_050_0060.npz"}, {"sza": 60, "vza": 50, "raa": 120, "url": "http://www2.geog.ucl.ac.uk/~ucfajlg/emulators/spectral/prosail/prosail_060_050_0120.npz"}, {"sza": 60, "vza": 50, "raa": 180, "url": "http://www2.geog.ucl.ac.uk/~ucfajlg/emulators/spectral/prosail/prosail_060_050_0180.npz"}, {"sza": 60, "vza": 55, "raa": 0, "url": "http://www2.geog.ucl.ac.uk/~ucfajlg/emulators/spectral/prosail/prosail_060_055_0000.npz"}, {"sza": 60, "vza": 55, "raa": 60, "url": "http://www2.geog.ucl.ac.uk/~ucfajlg/emulators/spectral/prosail/prosail_060_055_0060.npz"}, {"sza": 60, "vza": 55, "raa": 120, "url": "http://www2.geog.ucl.ac.uk/~ucfajlg/emulators/spectral/prosail/prosail_060_055_0120.npz"}, {"sza": 60, "vza": 55, "raa": 180, "url": "http://www2.geog.ucl.ac.uk/~ucfajlg/emulators/spectral/prosail/prosail_060_055_0180.npz"}, {"sza": 60, "vza": 60, "raa": 0, "url": "http://www2.geog.ucl.ac.uk/~ucfajlg/emulators/spectral/prosail/prosail_060_060_0000.npz"}, {"sza": 60, "vza": 60, "raa": 60, "url": "http://www2.geog.ucl.ac.uk/~ucfajlg/emulators/spectral/prosail/prosail_060_060_0060.npz"}, {"sza": 60, "vza": 60, "raa": 120, "url": "http://www2.geog.ucl.ac.uk/~ucfajlg/emulators/spectral/prosail/prosail_060_060_0120.npz"}, {"sza": 60, "vza": 60, "raa": 180, "url": "http://www2.geog.ucl.ac.uk/~ucfajlg/emulators/spectral/prosail/prosail_060_060_0180.npz"}]}
