{"id": "s2_prosail_kaska", "name": "PROSAIL for Sentinel-2 (Kaska)", "description": "The PROSPECT+SAIL models for continuous vegetation canopies", "model_authors": "Verhoef & Jacquemoud", "model_url": "https://github.com/jgomezdans/prosail", "model_data_type": "Sentinel-2", "input_bands": ["B02", "B03", "B04", "B05", "B06", "B07", "B08", "SZA", "VZA", "RAA"], "input_band_indices": [2,3,4,5,6,7,8], "variables": ["lai", "cab", "cb"], "transformed_parameters": [], "required_priors": [], "inference_engine_type": "kaska"}