{"id": "s2_prosail", "name": "PROSAIL for Sentinel-2", "description": "Coupling of PROSPECT leaf optical properties model and SAIL canopy bidirectional reflectance model. It links the spectral variation of canopy reflectance, which is mainly related to leaf biochemical contents, with its directional variation, which is primarily related to canopy architecture and soil/vegetation contrast.", "model_authors": "", "model_url": "", "model_data_type": "Sentinel-2", "input_bands": ["B02", "B03", "B04", "B05", "B06", "B07", "B08", "B8A", "B09", "B12"], "input_band_indices": [2, 3, 4, 5, 6, 7, 8, 9, 12, 13], "variables": ["n", "cab", "car", "cb", "cw", "cdm", "lai", "ala", "bsoil", "psoil"], "transformed_parameters": ["n", "exp(-cab/100)", "exp(-car/100)", "cbrown", "exp(-50*cw)", "exp(-50*cm)", "exp(-lai/2)", "ala/90.", "bsoil", "psoil"], "required_priors": ["n", "cab", "car", "cb", "cw", "cdm", "lai", "ala", "bsoil", "psoil"], "inference_engine_type": "kafka"}